sent_monotonic,phase,rtt_ms,status
74.406734474,baseline,0.14506699999117245,pass
74.412018014,baseline,0.06022000000882599,pass
74.417185569,baseline,0.05612399999677109,pass
74.422351483,baseline,0.053519999994477985,pass
74.427503145,baseline,0.04772100000138835,pass
74.43265715,baseline,0.06998499999610885,pass
74.437829484,baseline,0.06079099999567461,pass
74.442993565,baseline,0.07469100000889739,pass
74.448189553,baseline,0.07819699999345175,pass
74.453406092,baseline,0.07811700000104338,pass
74.458622872,baseline,0.07804599999872153,pass
74.463851239,baseline,0.07363000000282227,pass
74.469064924,baseline,0.08223300000054223,pass
74.474288474,baseline,0.07809699999938857,pass
74.479511032,baseline,0.0812919999901851,pass
74.484742374,baseline,0.08353499998747793,pass
74.489975417,baseline,0.09091600000488143,pass
74.495212187,baseline,0.08027999999171698,pass
74.500432862,baseline,0.08040100000528128,pass
74.505657263,baseline,0.07956000000319818,pass
74.51087216,baseline,0.07446200000060799,pass
74.51608958,baseline,0.07164800000225569,pass
74.521296005,baseline,0.07482200000197281,pass
74.526506735,baseline,0.07704600000124628,pass
74.531719749,baseline,0.07699599999000384,pass
74.536935598,baseline,0.07957900000121754,pass
74.542155633,baseline,0.07740500001318651,pass
74.547373082,baseline,0.07555400000569534,pass
74.552586517,baseline,0.08026000000427302,pass
74.557806722,baseline,0.0783170000033806,pass
74.563040087,baseline,0.08359499999244235,pass
74.568299731,baseline,0.14352499999858992,pass
74.573575408,baseline,0.0958840000038208,pass
74.578782063,baseline,0.0909059999969486,pass
74.583983289,baseline,0.1063489999921785,pass
74.589238046,baseline,0.10878199999808658,pass
74.59448494,baseline,0.10864300000434923,pass
74.599727609,baseline,0.10307399999476274,pass
74.60496504,baseline,0.09151700000131768,pass
74.610192024,baseline,0.10206299999993007,pass
74.615428824,baseline,0.10299399998814351,pass
74.620670551,baseline,0.10411600000281851,pass
74.625911536,baseline,0.11379099998976017,pass
74.63116458,baseline,0.10443699999029832,pass
74.636385947,baseline,0.0718480000045929,pass
74.641601205,baseline,0.07658399999854737,pass
74.646800668,baseline,0.07765700000561537,pass
74.651997618,baseline,0.08463700000049812,pass
74.657189931,baseline,0.05877799999609579,pass
74.662353151,baseline,0.05148699999324435,pass
74.667512845,baseline,0.05766599998935362,pass
74.672675183,baseline,0.05288900000266494,pass
74.677824542,baseline,0.048571999997193416,pass
74.683028863,baseline,0.061031000001321445,pass
74.688222016,baseline,0.05317000000104599,pass
74.693410033,baseline,0.0581669999917267,pass
74.698602557,baseline,0.05782600000259208,pass
74.703799116,baseline,0.058608000003346206,pass
74.708994714,baseline,0.0804299999970226,pass
74.714198114,baseline,0.0659380000058718,pass
74.719393591,baseline,0.067451000006713,pass
74.724575068,baseline,0.06049100001348506,pass
74.729747842,baseline,0.06511300000511255,pass
74.734930996,baseline,0.0835550000033436,pass
74.740125823,baseline,0.07071599999619593,pass
74.745339338,baseline,0.08469700000546254,pass
74.750567144,baseline,0.07890799999188403,pass
74.755789432,baseline,0.07710500000257525,pass
74.761022115,baseline,0.07553300000040508,pass
74.766233267,baseline,0.07316899998954796,pass
74.771430587,baseline,0.0820479999958934,pass
74.776626631,baseline,0.06023000000254797,pass
74.781788157,baseline,0.0489530000038485,pass
74.786938527,baseline,0.05015600000035647,pass
74.792087566,baseline,0.05235799999070423,pass
74.797238257,baseline,0.05158700000151839,pass
74.802429598,baseline,0.10066099999050948,pass
74.807670343,baseline,0.10047099999610509,pass
74.812910508,baseline,0.13560300000392544,pass
74.818193527,baseline,0.11363000000130796,pass
74.823456115,baseline,0.11503300000015315,pass
74.828719124,baseline,0.10994499999128493,pass
74.833976704,baseline,0.11872800000389816,pass
74.839239974,baseline,0.10582800000236148,pass
74.844486899,baseline,0.10657899998989251,pass
74.849742957,baseline,0.10273399999505273,pass
74.854984875,baseline,0.1203599999968219,pass
74.860240453,baseline,0.10757100000091668,pass
74.8654825,baseline,0.10256299999866769,pass
74.870721773,baseline,0.10036000000468448,pass
74.875960666,baseline,0.1022330000068905,pass
74.881201041,baseline,0.10912300000143205,pass
74.886452392,baseline,0.10781100000656352,pass
74.89170172,baseline,0.1120780000007926,pass
74.896955245,baseline,0.11361999999337513,pass
74.902219426,baseline,0.10154199999590219,pass
74.907471318,baseline,0.11104600000066966,pass
74.912730761,baseline,0.10633899999845653,pass
74.917980851,baseline,0.12819200000535602,pass
74.923256298,baseline,0.10617899999942892,pass
74.928505326,baseline,0.10478699999794117,pass
74.933745761,baseline,0.09194800000500436,pass
74.938970944,baseline,0.09270799999683277,pass
74.94419936,baseline,0.10334499999942182,pass
74.949437762,baseline,0.10415599999191727,pass
74.954678788,baseline,0.11078600000757888,pass
74.959927917,baseline,0.11440100000470466,pass
74.965178807,baseline,0.09529300000110652,pass
74.970411931,baseline,0.10710099999755585,pass
74.975660499,baseline,0.09881699999425564,pass
74.980906342,baseline,0.07983900000851918,pass
74.986134838,baseline,0.11337000000821718,pass
74.991394572,baseline,0.10283399998911591,pass
74.996639194,baseline,0.09713500000430031,pass
75.001884897,baseline,0.10287400000663638,pass
75.00715716,baseline,0.10113099999387032,pass
75.012396894,baseline,0.10950399999387628,pass
75.017641976,baseline,0.09624400000518563,pass
75.022872015,baseline,0.09909899999627214,pass
75.028106562,baseline,0.10626899999977013,pass
75.033348779,baseline,0.108262000011905,pass
75.03859324,baseline,0.09542300000475734,pass
75.043827476,baseline,0.10558799999671464,pass
75.049071957,baseline,0.10846300000366682,pass
75.054322948,baseline,0.10735999998701118,pass
75.059572216,baseline,0.10881299999709881,pass
75.064821514,baseline,0.11391099999968901,pass
75.070085194,baseline,0.11435199999709766,pass
75.075347732,baseline,0.1112869999957411,pass
75.080592624,baseline,0.07827700000007098,pass
75.085787251,baseline,0.0564439999948263,pass
75.090954677,baseline,0.07634400000711139,pass
75.096137015,baseline,0.05432100000746232,pass
75.101292733,baseline,0.05464200000915298,pass
75.106444175,baseline,0.04819200000838464,pass
75.111596778,baseline,0.049694999987082156,pass
75.116744254,baseline,0.04740100000333314,pass
75.121890699,baseline,0.048371999994856196,pass
75.127036351,baseline,0.05029599999772927,pass
75.132183537,baseline,0.04884300000185249,pass
75.137330282,baseline,0.09208800000237716,pass
75.142524037,baseline,0.08717000000046937,pass
75.147720856,baseline,0.0704759999905491,pass
75.15289997,baseline,0.05926899999053603,pass
75.158049609,baseline,0.062403999990578995,pass
75.163214,baseline,0.057155999996894025,pass
75.168381156,baseline,0.0520980000118243,pass
75.173537114,baseline,0.05321999999807758,pass
75.178699673,baseline,0.05496200000720819,pass
75.183850804,baseline,0.04743099999870992,pass
75.189059972,baseline,0.0593790000067429,pass
75.194255059,baseline,0.05731599999592163,pass
75.199447142,baseline,0.10600800000304389,pass
75.204689259,baseline,0.09994999999207721,pass
75.209901042,baseline,0.06791100000214101,pass
75.215072459,baseline,0.08017000000393182,pass
75.220258232,baseline,0.05684499998892534,pass
75.225413099,baseline,0.05681500000775941,pass
75.230612763,baseline,0.06455599999810602,pass
75.235822742,baseline,0.06984499999873606,pass
75.241053863,baseline,0.07073599999785074,pass
75.246272055,baseline,0.11813599999754842,pass
75.251540962,baseline,0.1007709999925055,pass
75.256789349,baseline,0.1076119999936509,pass
75.262060421,baseline,0.10989400000482874,pass
75.267306224,baseline,0.10071100000175193,pass
75.272538446,baseline,0.09377000000654334,pass
75.277766062,baseline,0.10832200000265857,pass
75.283022952,baseline,0.08140200000639197,pass
75.288238129,baseline,0.09497199999941586,pass
75.293472215,baseline,0.10743100000354389,pass
75.298728523,baseline,0.0950920000093447,pass
75.303964472,baseline,0.1027229999976953,pass
75.309208672,baseline,0.1126590000097849,pass
75.314464461,baseline,0.11219799999651059,pass
75.319723464,baseline,0.10545699998942837,pass
75.324972341,baseline,0.12637899999390356,pass
75.330246567,baseline,0.11023499999396336,pass
75.33550553,baseline,0.11011399999460991,pass
75.340761538,baseline,0.11041500000885662,pass
75.34603397,baseline,0.08396600000537546,pass
75.351253392,baseline,0.09771599999908176,pass
75.356483308,baseline,0.09382000000357493,pass
75.361712051,baseline,0.10124199999950179,pass
75.366950791,baseline,0.14013000000545617,pass
75.372235759,baseline,0.105557999987127,pass
75.377480888,baseline,0.11148600000865372,pass
75.382730212,baseline,0.11068599999930484,pass
75.387982772,baseline,0.097976999995808,pass
75.393221451,baseline,0.11338899999202567,pass
75.398478748,baseline,0.11393999999143034,pass
75.403738668,baseline,0.10824199999603934,pass
75.408998388,baseline,0.10541800000396506,pass
75.414250898,baseline,0.11413099998947018,pass
75.419513743,baseline,0.11082600001088849,pass
75.424771992,baseline,0.0989779999969187,pass
75.430033615,baseline,0.08421600000474427,pass
75.43525326,baseline,0.07712600000786551,pass
75.440470627,1024,0.07083600000612478,pass
75.44566502,1024,0.08261399999298646,pass
75.450878321,1024,0.0698439999951006,pass
75.456072203,1024,0.06192200000043613,pass
75.461265304,1024,0.058878000004369824,pass
75.466438284,1024,0.0739209999949253,pass
75.471642637,1024,0.0724079999940841,pass
75.476822738,1024,0.06655900000396286,pass
75.48199646,1024,0.07222799999340168,pass
75.487177753,1024,0.06190199999878132,pass
75.492353778,1024,0.06971400000566064,pass
75.49753478,1024,0.06784200000709006,pass
75.502710805,1024,0.0729399999954694,pass
75.507883576,1024,0.06206300000144438,pass
75.513043807,1024,0.061361999996734085,pass
75.518203408,1024,0.06000999999855594,pass
75.523362347,1024,0.05663499999286614,pass
75.528517231,1024,0.06037100000355622,pass
75.533679075,1024,0.05770600000687409,pass
75.538835551,1024,0.057816999998294705,pass
75.543996343,1024,0.06942400000298221,pass
75.549164827,1024,0.06080100000360744,pass
75.554371107,1024,0.08852300000228297,pass
75.559599962,1024,0.07874700000343182,pass
75.564822837,1024,0.07869700000640023,pass
75.570060524,1024,0.08155199999748675,pass
75.575292313,1024,0.08579800000063642,pass
75.580530051,1024,0.08375500000568081,pass
75.585763051,1024,0.08107099999676848,pass
75.590992316,1024,0.09159700000793691,pass
75.596224374,1024,0.07856799999217401,pass
75.601443484,1024,0.07718499999498363,pass
75.606655954,1024,0.07477199999073036,pass
75.611865379,1024,0.07522200000664725,pass
75.617076847,1024,0.07826699999213815,pass
75.62229187,1024,0.07673500000748845,pass
75.627509188,1024,0.07769599999107868,pass
75.632723981,1024,0.0813609999994469,pass
75.637944062,1024,0.09244800000374198,pass
75.643176101,1024,0.08071100000961451,pass
75.64839511,1024,0.07893800000147166,pass
75.653592277,1024,0.0752219999924364,pass
75.658783685,1024,0.06943399999670419,pass
75.663963276,1024,0.07916799999918567,pass
75.669156967,1024,0.07349999999917145,pass
75.674349066,1024,0.06669999999076026,pass
75.679526183,1024,0.06127200001060373,pass
75.684695899,1024,0.062142999993852754,pass
75.689858805,1024,0.055212000006577,pass
75.695067208,1024,0.07974900000817797,pass
75.700283624,1024,0.07714500000588487,pass
75.705497415,1024,0.07695499999726962,pass
75.710712058,1024,0.07789699999705135,pass
75.715926701,1024,0.09031599999786977,pass
75.721157999,1024,0.10820200000694058,pass
75.726408336,1024,0.13385999999115938,pass
75.731691811,1024,0.10421599999688169,pass
75.736937461,1024,0.14655900000093425,pass
75.742239454,1024,0.1114269999931139,pass
75.747501899,1024,0.11673500000597414,pass
75.752767238,1024,0.10962399998959427,pass
75.758036082,1024,0.11406999999508116,pass
75.763296152,1024,0.10050100000569273,pass
75.768535352,1024,0.10265400000264435,pass
75.773787821,1024,0.10147199999721579,pass
75.779037066,1024,0.08905400000003283,pass
75.784259511,1024,0.09308900000348785,pass
75.789489137,1024,0.0994179999906919,pass
75.794725101,1024,0.110145000007833,pass
75.799974106,1024,0.09898800000485153,pass
75.805211633,1024,0.10295399999904475,pass
75.810436581,1024,0.08161199998824031,pass
75.815659696,1024,0.11036600000124963,pass
75.820911055,1024,0.13531199999761157,pass
75.826196093,1024,0.1094240000014679,pass
75.831458307,1024,0.10908299999812243,pass
75.836710275,1024,0.0979569999941532,pass
75.841957588,1024,0.09905800000353793,pass
75.847203487,1024,0.10747099999264265,pass
75.852452532,1024,0.110265000003551,pass
75.857698852,1024,0.10332499999776701,pass
75.86293666,1024,0.1391779999977416,pass
75.868221197,1024,0.0958140000051344,pass
75.873453367,1024,0.1043959999975641,pass
75.878694169,1024,0.11004499999955897,pass
75.883943684,1024,0.14304399999787165,pass
75.889232107,1024,0.10773200000357974,pass
75.894482023,1024,0.11256800000580824,pass
75.899737337,1024,0.10372499998823059,pass
75.90497859,1024,0.10449600000583814,pass
75.91023204,1024,0.1059789999970917,pass
75.915489948,1024,0.11409100000037142,pass
75.920753895,1024,0.11363999999502994,pass
75.926037751,1024,0.11074600000426926,pass
75.931298193,1024,0.10569799999871066,pass
75.936545585,1024,0.10906299999646762,pass
75.94179498,1024,0.10838200000762299,pass
75.947050814,1024,0.10918400001003192,pass
75.952295993,1024,0.10377599998889764,pass
75.957533831,1024,0.09736499998780346,pass
75.962750687,1024,0.078037000008635,pass
75.967966933,1024,0.10448599999790531,pass
75.973209737,1024,0.1026739999900883,pass
75.978452743,1024,0.10842199999672175,pass
75.98370364,1024,0.10876199999643177,pass
75.988954417,1024,0.10697000000448043,pass
75.994206466,1024,0.10325400000965601,pass
75.999465666,1024,0.11678399999937028,pass
76.004723843,1024,0.10970400001042435,pass
76.009976624,1024,0.07853699999316177,pass
76.015197666,1024,0.06290399998931662,pass
76.020403676,1024,0.06533699999522469,pass
76.02560534,1024,0.057345000001873814,pass
76.030796978,1024,0.11011499999824537,pass
76.03605747,1024,0.11379999999405754,pass
76.041304471,1024,0.09322900000086065,pass
76.046534838,1024,0.10815199999569813,pass
76.051782159,1024,0.10966400000711474,pass
76.05704227,1024,0.11029499999892778,pass
76.062295241,1024,0.1072799999946028,pass
76.067544335,1024,0.1039560000037909,pass
76.072789244,1024,0.10464599999693291,pass
76.07801955,1024,0.06729000000404994,pass
76.083199691,1024,0.061492000000384905,pass
76.088366212,1024,0.05397099999981947,pass
76.093531471,1024,0.0697539999947594,pass
76.098706435,1024,0.05330900000899419,pass
76.103870201,1024,0.05633499999646574,pass
76.109047098,1024,0.05319899999278732,pass
76.114197815,1024,0.04864299999951527,pass
76.119344376,1024,0.0483019999961698,pass
76.124491188,1024,0.04705999999998767,pass
76.129635545,1024,0.04624999999691681,pass
76.134783809,1024,0.0953920000057451,pass
76.139978192,1024,0.08908300000598501,pass
76.145172324,1024,0.06905300000425996,pass
76.15034261,1024,0.05552300000033483,pass
76.155498766,1024,0.049383000003899724,pass
76.160658366,1024,0.0601199999863411,pass
76.165827671,1024,0.05504300000325202,pass
76.170990807,1024,0.06661000000462991,pass
76.176171639,1024,0.05363100000010945,pass
76.181334164,1024,0.05416099999422386,pass
76.186548036,1024,0.07000499999776366,pass
76.191755328,1024,0.057897000004913934,pass
76.196943982,1024,0.11103600000694769,pass
76.202189801,1024,0.10195299999793406,pass
76.207425687,1024,0.09114600000259543,pass
76.212626098,1024,0.06788199999618882,pass
76.217798688,1024,0.053941000004442685,pass
76.222952871,1024,0.05643400000110432,pass
76.228110598,1024,0.05242899999302608,pass
76.233262577,1024,0.05463200000122015,pass
76.238422238,1024,0.05049600000006649,pass
76.243582771,1024,0.05490199998803291,pass
76.248753187,1024,0.058186999993381505,pass
76.253965377,1024,0.07377999999391704,pass
76.259190685,1024,0.1369950000054132,pass
76.264489204,1024,0.11504200000445053,pass
76.269755013,1024,0.11414100001161387,pass
76.27501895,1024,0.07906799999091163,pass
76.280232741,1024,0.10720099999161903,pass
76.285475336,1024,0.10140199999852939,pass
76.290715647,1024,0.10356500000341384,pass
76.295955679,1024,0.10252299999535808,pass
76.301198223,1024,0.11052499999664178,pass
76.306447358,1024,0.1075410000055399,pass
76.311696332,1024,0.0993990000068834,pass
76.3169344,1024,0.11609400000622827,pass
76.322191877,1024,0.10306400000104077,pass
76.327441402,1024,0.11599299999431878,pass
76.332712219,1024,0.11688499999706892,pass
76.337980342,1024,0.10713000000350803,pass
76.343236177,1024,0.10608899999908772,pass
76.348490889,1024,0.11523300000249037,pass
76.353758993,1024,0.11090600000329687,pass
76.359026024,1024,0.08001999999862619,pass
76.364240016,1024,0.10601799999676587,pass
76.369480538,1024,0.1045359999949369,pass
76.37472158,1024,0.09886799999492268,pass
76.379956844,1024,0.09479199999873344,pass
76.385191637,1024,0.10588799999311505,pass
76.390437637,1024,0.10834199999010252,pass
76.395687142,1024,0.12698000000455067,pass
76.400962266,1024,0.09708500000726872,pass
76.406204279,1024,0.1039360000021361,pass
76.411455377,1024,0.11232800000016141,pass
76.416721617,1024,0.11472100000275987,pass
76.421987456,1024,0.10685000000876244,pass
76.427243852,1024,0.10257299999238967,pass
76.432494759,1024,0.09726600001158658,pass
76.437740609,1024,0.10542699999405158,pass
76.442983584,1024,0.09742599999640333,pass
76.448215884,1024,0.10684999999455158,pass
76.453443285,1024,0.07662499999128158,pass
76.458658249,1024,0.10805200000163495,pass
76.463902026,1024,0.11681399999474706,pass
76.469158551,1024,0.11217799999485578,pass
76.474409388,1024,0.11152700000138793,pass
76.479662338,1024,0.10714100000086546,pass
76.484911233,1024,0.1035149999921714,pass
76.490157292,1024,0.10992499998963012,pass
76.495412066,1024,0.11544199999491411,pass
76.500679707,1024,0.10489699999993718,pass
76.505932478,1024,0.14584799998829112,pass
76.511236264,1024,0.11253899999985606,pass
76.51649312,1024,0.09751599999674454,pass
76.521734753,1024,0.07188799999369166,pass
76.526942276,1024,0.06967400000235102,pass
76.532145842,1024,0.06114199999274206,pass
76.537344,1024,0.05944899999121844,pass
76.542542549,1024,0.10647999999946478,pass
76.547786576,1024,0.10215300000027128,pass
76.553043733,1024,0.11394999999936317,pass
76.55829456,1024,0.10608800000966312,pass
76.563542353,1024,0.10619900000108373,pass
76.568789454,1024,0.1057280000082983,pass
76.57405306,1024,0.10605800000007548,pass
76.579302805,1024,0.13424099999781447,pass
76.584588866,1024,0.11688499999706892,pass
76.589854114,1024,0.11579299999198156,pass
76.595121385,1024,0.10874299999841242,pass
76.600373635,1024,0.10013000000697048,pass
76.60562357,1024,0.10261399999933474,pass
76.610864653,1024,0.10482700000125078,pass
76.616087178,1024,0.07922800000415009,pass
76.621300299,1024,0.10324400000172318,pass
76.626542172,1024,0.10180200000320383,pass
76.631779479,1024,0.10278399999208432,pass
76.63703262,1024,0.08288399999401008,pass
76.64225202,1024,0.1043759999959093,pass
76.647496738,1024,0.10267400000429916,pass
76.652712793,1024,0.07058499998890966,pass
76.657891532,1024,0.05418100001008952,pass
76.663058794,1024,0.05464200000915298,pass
76.668225065,1024,0.06187200000340454,pass
76.673393619,1024,0.05816700000593755,pass
76.678558567,1024,0.05156699999986358,pass
76.683722524,1024,0.05412099999091424,pass
76.688877117,1024,0.0534899999991012,pass
76.694032101,1024,0.048491999990574186,pass
76.699180485,1024,0.07712500000423006,pass
76.704353165,1024,0.08202200000084758,pass
76.709532765,1024,0.08465699998794207,pass
76.714756301,1024,0.0949520000119719,pass
76.719969993,1024,0.09745599999178012,pass
76.725172548,1024,0.09044499999788513,pass
76.730365679,1024,0.08424600000012106,pass
76.735552981,1024,0.08671999999876334,pass
76.740782086,1024,0.09701500000858232,pass
76.746033704,1024,0.11874800000555297,pass
76.751311501,1024,0.10459599999990132,pass
76.756557992,1024,0.10327399999709996,pass
76.761808679,1024,0.10647899999582933,pass
76.767057082,1024,0.09827700000641926,pass
76.77230153,1024,0.10378500000740587,pass
76.777546958,1024,0.10383599999386206,pass
76.78278687,1024,0.10793100000228151,pass
76.788042153,1024,0.08849199998905988,pass
76.793266591,1024,0.10461600000155613,pass
76.798509376,1024,0.10392500000477867,pass
76.803752722,1024,0.10566800000333387,pass
76.808978301,1024,0.1014220000001842,pass
76.814218191,1024,0.10576900000103251,pass
76.819464081,1024,0.11170799999149494,pass
76.82471586,1024,0.09438099999670158,pass
76.82995522,1024,0.11110599999142323,pass
76.835218015,1024,0.1119870000110268,pass
76.840473409,1024,0.10322400000006837,pass
76.845726759,1024,0.10491700000159199,pass
76.850978208,1024,0.10727000000088083,pass
76.856233362,1024,0.10392500000477867,pass
76.861481454,1024,0.10646900000210735,pass
76.866723078,1024,0.1071199999955752,pass
76.871964771,1024,0.10973400000580114,pass
76.877209339,1024,0.09321899999292782,pass
76.882438263,1024,0.10422600000481452,pass
76.88768249,1024,0.11030499999264975,pass
76.892930333,1024,0.1435040000075105,pass
76.8982213,1024,0.10377499999947304,pass
76.903464816,1024,0.10585900000137372,pass
76.908715373,1024,0.09853699999951004,pass
76.913958748,1024,0.0996090000029426,pass
76.919207383,1024,0.10605800000007548,pass
76.924467764,1024,0.10448599999790531,pass
76.929722777,1024,0.10616900000570695,pass
76.93497745,1024,0.10354500000175904,pass
76.940228167,1024,0.10380499999484982,pass
76.945453015,1024,0.07642399999951976,pass
76.950665215,1024,0.10103099999980714,pass
76.955900969,1024,0.11491200000079971,pass
76.961151916,1024,0.10442599999294089,pass
76.966392838,1024,0.10053100000106951,pass
76.971631978,1024,0.10671900000147616,pass
76.976877247,1024,0.14300399999456204,pass
76.982160442,1024,0.10292400000366797,pass
76.987402897,1024,0.1032340000080012,pass
76.992649137,1024,0.10706999999854361,pass
76.997899383,1024,0.13316899999438192,pass
77.003181297,1024,0.11613300000590243,pass
77.008425124,1024,0.08477600000844632,pass
77.013653176,1024,0.09884799999326788,pass
77.018903512,1024,0.11771600000543003,pass
77.024165216,1024,0.10183199999858061,pass
77.029409533,1024,0.10052999999743406,pass
77.03464642,1024,0.1018119999969258,pass
77.039882925,1024,0.10621900000273854,pass
77.045139902,1024,0.1043759999959093,pass
77.050377949,1024,0.09365000001082535,pass
77.055608837,1024,0.10390500000312386,pass
77.06085079,1024,0.1308359999967479,pass
77.066145103,1024,0.09829700000807406,pass
77.071383081,1024,0.10992400000020552,pass
77.076630432,1024,0.09461199999805103,pass
77.08184151,1024,0.06746100000043498,pass
77.087043614,1024,0.06014000000220676,pass
77.092216294,1024,0.06476699999780067,pass
77.097388604,1024,0.05295900000135134,pass
77.10255815,1024,0.0585870000122668,pass
77.10773098,1024,0.09405000000128894,pass
77.112933134,1024,0.10540799999603223,pass
77.11813661,1024,0.08246400000189169,pass
77.123313497,1024,0.08105099999511367,pass
77.128493238,1024,0.08248299999991104,pass
77.133675081,1024,0.08534799999893039,pass
77.138859279,1024,0.08486699999821212,pass
77.144042915,1024,0.08625899999969988,pass
77.149237128,1024,0.06673900000464528,pass
77.154405381,1024,0.05419099998960064,pass
77.159560665,1024,0.05335999999545038,pass
77.164714437,1024,0.05307899999706933,pass
77.169874679,1024,0.05639399999779471,pass
77.175043834,1024,0.05631400000538633,pass
77.180204405,1024,0.055513000006612856,pass
77.185372349,1024,0.05560299999274321,pass
77.1905329,1024,0.0534200000004148,pass
77.195693132,1024,0.05436200000019653,pass
77.200894034,1024,0.059089000004064474,pass
77.206086484,1024,0.057577000006858725,pass
77.211252915,1024,0.06261400000084905,pass
77.216417323,1024,0.04685999999765045,pass
77.221563233,1024,0.05151700000283199,pass
77.226712798,1024,0.0468600000118613,pass
77.231857577,1024,0.046960000005924485,pass
77.237014523,1024,0.04773199999874578,pass
77.242176257,1024,0.055883000001699656,pass
77.24733747,1024,0.050224999995407416,pass
77.252497231,1024,0.054230999992910256,pass
77.257662931,1024,0.05744599999957245,pass
77.262827078,1024,0.05559299999902123,pass
77.268058005,1024,0.06828200000086326,pass
77.273273159,1024,0.1187969999989491,pass
77.278538067,1024,0.10898300000405925,pass
77.283783336,1024,0.10314400000766,pass
77.289033372,1024,0.0841549999961444,pass
77.294253062,1024,0.0993490000098518,pass
77.299489397,1024,0.10771200000192493,pass
77.304733895,1024,0.10560799999836945,pass
77.309978683,1024,0.10779100000490871,pass
77.315223151,1024,0.1061180000050399,pass
77.320467458,1024,0.10467700001015601,pass
77.325711445,1024,0.11531200000547415,pass
77.330972297,1024,0.10441700000285437,pass
77.336223635,1024,0.11271799999690302,pass
77.341490516,1024,0.11644399999966026,pass
77.346754753,1024,0.10506700000689762,pass
77.352019902,1024,0.11173700001165798,pass
77.357275526,1024,0.09796700000208602,pass
77.362520694,1024,0.10566800000333387,pass
77.367764061,1024,0.09862699999985125,pass
77.372997051,1024,0.09535200000243549,pass
77.378228549,1024,0.09965899999997418,pass
77.383465125,1024,0.10489699999993718,pass
77.388706638,1024,0.10005000000035125,pass
77.393946208,1024,0.14302399999621684,pass
77.399233079,1024,0.10458600000617935,pass
77.404478839,1024,0.10696999999026957,pass
77.40972582,1024,0.11128599999210564,pass
77.414980092,1024,0.10976500000481337,pass
77.420235526,1024,0.10600900000667934,pass
77.425494134,1024,0.1132399999903555,pass
77.430755538,1024,0.10512699999765118,pass
77.436018493,1024,0.07992999999828498,pass
77.441244222,1024,0.10406600000578692,pass
77.446494038,1024,0.11264900000185207,pass
77.451742872,1024,0.10748100000057548,pass
77.456984065,1024,0.09789599999976417,pass
77.462217396,1024,0.09910800000056952,pass
77.467453401,1024,0.10492699999531396,pass
77.472694784,1024,0.10751000000652766,pass
77.477941164,1024,0.13961899999515026,pass
77.483227684,1024,0.10649000000739761,pass
77.488476048,1024,0.09938899999895057,pass
77.493718622,1024,0.11557300000220039,pass
77.498977572,1024,0.11581299999363637,pass
77.504238854,1024,0.11432200000172088,pass
77.509504654,1024,0.11291900000287569,pass
77.514765105,1024,0.10528800000031424,pass
77.520046017,1024,0.0988379999995459,pass
77.52526686,1024,0.07654399999523775,pass
77.530451087,1024,0.05789699999070308,pass
77.53560566,1024,0.04645999999297601,pass
77.540745782,1024,0.04507699999578563,pass
77.5458837,1024,0.04598900000019057,pass
77.551033175,1024,0.046549999993317215,pass
77.556179186,1024,0.049774000004276786,pass
77.561327149,1024,0.047010000002956076,pass
77.566470195,1024,0.050966000003427325,pass
77.571620441,1024,0.051036000002113724,pass
77.576770468,1024,0.0509759999971493,pass
77.58192452,1024,0.0535599999977876,pass
77.587083059,1024,0.051627000004828005,pass
77.592288498,1024,0.1125879999932522,pass
77.597547257,1024,0.10084999999548927,pass
77.602792726,1024,0.09975899999403737,pass
77.608050904,1024,0.11668500000894255,pass
77.613314661,1024,0.10894300000074963,pass
77.618565017,1024,0.10619900000108373,pass
77.62380661,1024,0.10167300000318846,pass
77.629055374,1024,0.10650899999120611,pass
77.634299201,1024,0.10286399999870355,pass
77.639537239,1024,0.10303399999145313,pass
77.644779172,1024,0.08030099999700724,pass
77.649995188,1024,0.07412099999726252,pass
77.655181919,1024,0.06390500000463817,pass
77.660350743,1024,0.050385000008645875,pass
77.665508741,1024,0.05380100000706989,pass
77.670668151,1024,0.0469309999999723,pass
77.675824247,1024,0.058858000002715016,pass
77.680989836,1024,0.07028500000672011,pass
77.686169747,1024,0.052689000000327724,pass
77.691332733,1024,0.053160000007324015,pass
77.696489549,1024,0.05078599998853406,pass
77.701641468,1024,0.049524999994332575,pass
77.706785946,1024,0.044927000004690854,pass
77.711971686,1024,0.11147700000435634,pass
77.717218998,1024,0.08829199998672266,pass
77.722448788,1024,0.07805700001028981,pass
77.727671003,1024,0.07719500000291646,pass
77.732887548,1024,0.07989000000918622,pass
77.738106128,1024,0.07723500000622607,pass
77.743324325,1024,0.08078099999409005,pass
77.748547862,1024,0.07727599999896029,pass
77.753770417,1024,0.08069999999804622,pass
77.758999621,1024,0.09385100000258717,pass
77.764246031,1024,0.08642000000236294,pass
77.769480124,1024,0.08107099999676848,pass
77.77471085,1024,0.08993499999121468,pass
77.779949079,1024,0.09619399999394318,pass
77.785188819,1024,0.07762600000660314,pass
77.79040211,1024,0.07544300000006388,pass
77.795612106,1024,0.07336000000179865,pass
77.8008207,1024,0.07536299999344465,pass
77.806046089,1024,0.07217799999637009,pass
77.811237317,1024,0.0748719999990044,pass
77.816449436,1024,0.07950900000253114,pass
77.821667324,1024,0.07716599999696427,pass
77.826886574,1024,0.08087099999443126,pass
77.832091182,1024,0.08019000000558663,pass
77.837310752,1024,0.08101100000601491,pass
77.842541649,1024,0.08112199999743552,pass
77.847775251,1024,0.08662999999842214,pass
77.853029623,1024,0.07338000000345346,pass
77.858252398,1024,0.08195299999158578,pass
77.863481443,1024,0.07827700000007098,pass
77.868702275,1024,0.07892799999353883,pass
77.873920594,1024,0.07256800000732255,pass
77.879141366,1024,0.07329900000740963,pass
77.884349388,1024,0.07552299999247225,pass
77.889559866,1024,0.07641400000579779,pass
77.894772796,1024,0.07741500000690849,pass
77.899987478,1024,0.09128700000360368,pass
77.905217164,1024,0.076454999998532,pass
77.910435052,1024,0.0792680000074597,pass
77.915656956,1024,0.07559299999115865,pass
77.920872089,1024,0.08073099999705846,pass
77.926089391,1024,0.0817130000001498,pass
77.931325776,1024,0.10890300001165087,pass
77.93657418,1024,0.08440700000278412,pass
77.941808472,1024,0.10967400000083671,pass
77.947064497,1024,0.10229400000127953,pass
77.952308544,1024,0.10661999999683758,pass
77.957550348,1024,0.10342500000604105,pass
77.962786763,1024,0.10283400000332676,pass
77.968035808,1024,0.06853300000386753,pass
77.973240756,1024,0.10505699999896478,pass
77.978483602,1024,0.12419600000157516,pass
77.983754539,1024,0.1095639999988407,pass
77.989015531,1024,0.08061099998712962,pass
77.994235151,1024,0.09912900000585978,pass
77.999474471,1024,0.10411600000281851,pass
78.004721743,1024,0.10029999999972006,pass
78.009967322,1024,0.1039360000021361,pass
78.015220442,1024,0.10115199999916058,pass
78.020466973,1024,0.10922299999549523,pass
78.025723589,1024,0.10760100001050432,pass
78.030978111,1024,0.10620900000901656,pass
78.036223741,1024,0.10411499999918306,pass
78.041464183,1024,0.10495699999069075,pass
78.046703682,1024,0.1023030000055769,pass
78.05194156,1024,0.139367999992146,pass
78.057225306,1024,0.10298499999805699,pass
78.062465637,1024,0.10443700000450917,pass
78.067708583,1024,0.11292899999659767,pass
78.072958368,1024,0.09577400000182479,pass
78.078190928,1024,0.07985999999959859,pass
78.083386713,1024,0.06765100000905022,pass
78.088560104,1024,0.05143700001042362,pass
78.093722579,1024,0.06774099999518057,pass
78.09890241,1024,0.05470199999990655,pass
78.104072386,1024,0.062322999994535166,pass
78.10928821,1024,0.06989499999576765,pass
78.114503785,1024,0.06382600000165439,pass
78.119709815,1024,0.063915000012571,pass
78.124910908,1024,0.05886799999643699,pass
78.130092932,1024,0.08885300000827101,pass
78.135296488,1024,0.07178799999962848,pass
78.140489919,1024,0.08956399999249243,pass
78.14571989,1024,0.0693839999996726,pass
78.150931073,1024,0.09665000000325108,pass
78.156165335,1024,0.07646000000249842,pass
78.161366894,1024,0.08648899999741388,pass
78.166579248,1024,0.07207799998809605,pass
78.171773701,1024,0.0894139999871868,pass
78.176992285,1024,0.09431099999801518,pass
78.182204444,1024,0.09385499998870728,pass
78.187420584,1024,0.07568300000571071,pass
78.192614927,1024,0.06317400000455109,pass
78.197784172,1024,0.055633000002330846,pass
78.202948359,1024,0.07287900000108039,pass
78.20812155,1024,0.04970400000559039,pass
78.213282623,1024,0.06744099999878017,pass
78.21846024,1024,0.058477999999695385,pass
78.223623056,1024,0.05429100001208553,pass
78.228779552,1024,0.05003500000100303,pass
78.233930599,1024,0.04973499999039177,pass
78.239082328,1024,0.05400100000940711,pass
78.244238193,1024,0.05339000000503802,pass
78.249390373,1024,0.054630999997584695,pass
78.254548791,1024,0.04862299999786046,pass
78.259703625,1024,0.09803700000077242,pass
78.264954962,1024,0.10343499999976302,pass
78.270212079,1024,0.10741100000188908,pass
78.275471519,1024,0.11192699999185152,pass
78.280735606,1024,0.1053269999999884,pass
78.285990409,1024,0.1056780000112667,pass
78.291233194,1024,0.10427600000184611,pass
78.296469089,1024,0.09233800000174597,pass
78.301695769,1024,0.10088099999450151,pass
78.306934809,1024,0.14094099999795162,pass
78.312219707,1024,0.09405100000492439,pass
78.317452668,1024,0.10841200000299978,pass
78.322698597,1024,0.10744099999726586,pass
78.32794628,1024,0.1435849999893435,pass
78.33323946,1024,0.11291900000287569,pass
78.338497438,1024,0.11074599999005841,pass
78.343755345,1024,0.13445099999387367,pass
78.349068306,1024,0.11831699998765544,pass
78.354332362,1024,0.09952900001053422,pass
78.359580165,1024,0.10717000000681765,pass
78.364834097,1024,0.09943899999598216,pass
78.370081809,1024,0.10301400000400918,pass
78.375322121,1024,0.09793600000307379,pass
78.380554189,1024,0.10162200000252142,pass
78.385790705,1024,0.09351999999296368,pass
78.391037967,1024,0.08273400000291531,pass
78.396254533,1024,0.10283399998911591,pass
78.401496977,1024,0.10838200000762299,pass
78.406742616,1024,0.10528800000031424,pass
78.411988466,1024,0.09504300000173771,pass
78.417222138,1024,0.08179200000313358,pass
78.422448888,1024,0.10693999999489279,pass
78.427699175,1024,0.11825699999690187,pass
78.43296185,1024,0.1049370000032468,pass
78.438213308,1024,0.10050000000205728,pass
78.443460209,1024,0.1110760000102573,pass
78.448719739,1024,0.10447600000418333,pass
78.45397333,1024,0.11183800000935662,pass
78.459223206,1024,0.1030250000013666,pass
78.464460883,1024,0.10471699999925477,pass
78.469699722,1024,0.10686999999620639,pass
78.47494416,1024,0.14055999999129654,pass
78.480229529,1024,0.1007209999954739,pass
78.48546982,1024,0.13202699999226297,pass
78.490747788,1024,0.13408100001299772,pass
78.496043462,1024,0.10924299999715004,pass
78.501293558,1024,0.10089100000243434,pass
78.506536824,1024,0.10466600001279858,pass
78.51178695,1024,0.11379999999405754,pass
78.51706001,1024,0.09059600000682622,pass
78.522296275,1024,0.11297999999726471,pass
78.527557063,1024,0.08421599999053342,pass
78.532784134,1024,0.0810610000030465,pass
78.538028712,1024,0.07629399999586894,pass
78.54324026,1024,0.07528300000103627,pass
78.548447392,1024,0.0759630000004563,pass
78.553655785,1024,0.07477199999073036,pass
78.55886499,1024,0.076684999996246,pass
78.564074095,1024,0.07515200000796085,pass
78.569286474,1024,0.07830799999908322,pass
78.574482154,16384,0.08548800001051404,pass
78.579667773,16384,0.0777870000092662,pass
78.584843188,16384,0.08054000001322947,pass
78.590035878,16384,0.06964400000697424,pass
78.595209489,16384,0.07503300000166746,pass
78.600390181,16384,0.07300000000043383,pass
78.605572746,16384,0.07208799999602888,pass
78.610745236,16384,0.06327500000224973,pass
78.615914972,16384,0.06548800000416577,pass
78.621080672,16384,0.0637949999884313,pass
78.626242235,16384,0.06350499999996373,pass
78.631403368,16384,0.06179200001099616,pass
78.636602348,16384,0.07446099999697253,pass
78.641810931,16384,0.06958500000564527,pass
78.647035469,16384,0.06820199999424403,pass
78.652231004,16384,0.07123599999658836,pass
78.657411175,16384,0.06608900000060203,pass
78.662581872,16384,0.0617019999964441,pass
78.667763295,16384,0.08062099999506245,pass
78.672970627,16384,0.07216800000264811,pass
78.678173643,16384,0.06891300000688716,pass
78.683372332,16384,0.07188699999005621,pass
78.688572944,16384,0.0723379999953977,pass
78.693764672,16384,0.07772700000430177,pass
78.698959145,16384,0.07605399999022211,pass
78.704150503,16384,0.06122199999936129,pass
78.709317154,16384,0.06774199999881603,pass
78.71448708,16384,0.05833800000232259,pass
78.719646861,16384,0.06266399999788064,pass
78.724808505,16384,0.06052999999894837,pass
78.729965101,16384,0.07034499999747368,pass
78.735134636,16384,0.05817800000329498,pass
78.740292585,16384,0.058636999995087535,pass
78.745453427,16384,0.058847999994782185,pass
78.750638946,16384,0.08948400000008405,pass
78.755850104,16384,0.06606899999894722,pass
78.761035984,16384,0.08611900000232708,pass
78.766223576,16384,0.08082099999739967,pass
78.771406893,16384,0.08567799999070758,pass
78.776591791,16384,0.06622899999797482,pass
78.781766314,16384,0.05647400000441394,pass
78.786927677,16384,0.05221800000754229,pass
78.792086296,16384,0.052899000010597774,pass
78.797236713,16384,0.04660999999828164,pass
78.802377165,16384,0.04619999999988522,pass
78.807519069,16384,0.047090999998999905,pass
78.812668625,16384,0.04957400000193957,pass
78.817816468,16384,0.04899299999294726,pass
78.823022768,16384,0.09555299999419731,pass
78.828255929,16384,0.10397500000181026,pass
78.833501237,16384,0.10670000000345681,pass
78.838747538,16384,0.10424599999225848,pass
78.843993979,16384,0.0999789999980294,pass
78.849242742,16384,0.11102599999901486,pass
78.854502553,16384,0.11500200000114091,pass
78.859764527,16384,0.11160700000800716,pass
78.865043686,16384,0.11190699999019671,pass
78.870301303,16384,0.10347499998886178,pass
78.875552881,16384,0.10923399999285266,pass
78.880798811,16384,0.09938899999895057,pass
78.886043619,16384,0.10810199999866654,pass
78.891287036,16384,0.1040050000113979,pass
78.896527857,16384,0.10608899999908772,pass
78.901769491,16384,0.13036500000396245,pass
78.907057774,16384,0.09884800000747873,pass
78.912292567,16384,0.10506800001053307,pass
78.917537926,16384,0.10545800000727468,pass
78.922782774,16384,0.11149700000601115,pass
78.928049094,16384,0.11345999999434753,pass
78.933307212,16384,0.09879799999623629,pass
78.9385586,16384,0.11562300001344283,pass
78.943823438,16384,0.11503200001072855,pass
78.94909111,16384,0.1039360000021361,pass
78.954341367,16384,0.107029999995234,pass
78.959594608,16384,0.11121599999341925,pass
78.964843431,16384,0.09912899999164893,pass
78.97007515,16384,0.10305499999674339,pass
78.975313448,16384,0.12291400000208341,pass
78.980579208,16384,0.1024230000012949,pass
78.985816485,16384,0.10418600000150491,pass
78.991060011,16384,0.10866299999179319,pass
78.996302666,16384,0.09141699999304365,pass
79.001534384,16384,0.10808200001122259,pass
79.006782247,16384,0.1092640000024403,pass
79.012049549,16384,0.13341999999738618,pass
79.017338583,16384,0.11311900000521291,pass
79.022607868,16384,0.11694500000203334,pass
79.027872876,16384,0.1140109999937522,pass
79.033140137,16384,0.11123699999870951,pass
79.038395852,16384,0.10145200000977184,pass
79.04364746,16384,0.10677999999586518,pass
79.048889314,16384,0.0918570000010277,pass
79.054114492,16384,0.0941610000069204,pass
79.059344328,16384,0.10694000000910364,pass
79.064588565,16384,0.10862300000269443,pass
79.069832923,16384,0.10942399998725705,pass
79.075081456,16384,0.10684999999455158,pass
79.080300676,16384,0.06805200000314926,pass
79.085474458,16384,0.05595400000402151,pass
79.090640318,16384,0.0614020000000437,pass
79.095808852,16384,0.052689000000327724,pass
79.100974602,16384,0.06489700000145149,pass
79.106164107,16384,0.062223000000471984,pass
79.111336557,16384,0.05610399999511628,pass
79.116499262,16384,0.052858999993077305,pass
79.121660265,16384,0.09438099999670158,pass
79.126860486,16384,0.08696999999813215,pass
79.132044563,16384,0.08337500000266118,pass
79.137266057,16384,0.10369499999285381,pass
79.142506027,16384,0.10243399999865233,pass
79.147725407,16384,0.0682430000011891,pass
79.152896725,16384,0.05301000000201839,pass
79.158054724,16384,0.05665400000509635,pass
79.163209016,16384,0.04868300000282488,pass
79.168358482,16384,0.050494999996431034,pass
79.173549239,16384,0.06816200000514527,pass
79.17876919,16384,0.06513700000709832,pass
79.183981449,16384,0.1043059999972229,pass
79.189239147,16384,0.08767100000284245,pass
79.194479808,16384,0.08197300000745145,pass
79.199711968,16384,0.08051999999736381,pass
79.204943646,16384,0.0966039999923396,pass
79.210176066,16384,0.08735000000115178,pass
79.215373613,16384,0.08596800000759686,pass
79.220561496,16384,0.08413499999448959,pass
79.225741567,16384,0.08066099999837206,pass
79.23092254,16384,0.09017500001107237,pass
79.236110873,16384,0.08225300000219704,pass
79.241293548,16384,0.0855779999966444,pass
79.246474711,16384,0.08535699998901691,pass
79.25166007,16384,0.08431599999880746,pass
79.256883526,16384,0.09822700000938767,pass
79.262126882,16384,0.10220299999730287,pass
79.267374194,16384,0.13501200000121116,pass
79.272667735,16384,0.10598900000502454,pass
79.277920745,16384,0.14750100000071598,pass
79.283226295,16384,0.11206699998922431,pass
79.288490161,16384,0.10045000000502569,pass
79.293739936,16384,0.10161200000879944,pass
79.29898159,16384,0.09898800000485153,pass
79.304211966,16384,0.10419600000943774,pass
79.309451386,16384,0.10315499999080657,pass
79.314692769,16384,0.1071899999942616,pass
79.319934623,16384,0.1372750000001588,pass
79.325214443,16384,0.07637500000612363,pass
79.330411971,16384,0.07099599999094153,pass
79.335622317,16384,0.06452699999215383,pass
79.340826184,16384,0.06623900000590766,pass
79.346049079,16384,0.08500700000979577,pass
79.351280307,16384,0.11422100000402224,pass
79.356538986,16384,0.10089100000243434,pass
79.361789312,16384,0.1125379999962206,pass
79.367066579,16384,0.10599800000932191,pass
79.372323905,16384,0.10405599999785409,pass
79.377576364,16384,0.10449699999526274,pass
79.382822265,16384,0.10184199999230259,pass
79.388059681,16384,0.0982769999922084,pass
79.39329134,16384,0.09241799999415434,pass
79.39851739,16384,0.07484200000362762,pass
79.403727046,16384,0.09561299999916173,pass
79.408960947,16384,0.09744599999805814,pass
79.414194509,16384,0.11006500000121378,pass
79.419444494,16384,0.10593899999378209,pass
79.424691206,16384,0.10048000000040247,pass
79.429935172,16384,0.14220299999578856,pass
79.435228072,16384,0.09738599999309372,pass
79.440471398,16384,0.10108099999683873,pass
79.445721775,16384,0.11492200000873254,pass
79.450986632,16384,0.09885800000120071,pass
79.456238281,16384,0.10022000000731168,pass
79.461484321,16384,0.10240299999964009,pass
79.466728768,16384,0.10227300001020012,pass
79.471967457,16384,0.0982569999905536,pass
79.477198946,16384,0.09286899999949583,pass
79.482428791,16384,0.10147199999721579,pass
79.487669363,16384,0.10183199999858061,pass
79.492910305,16384,0.10469700001181081,pass
79.498150286,16384,0.1058880000073259,pass
79.503396025,16384,0.10808199999701174,pass
79.50864499,16384,0.10269400000595397,pass
79.513892452,16384,0.10638900000969898,pass
79.519156609,16384,0.11164699999710592,pass
79.524420946,16384,0.10728099999823826,pass
79.529673546,16384,0.11367000000461758,pass
79.534938094,16384,0.14824200000873589,pass
79.54024902,16384,0.1026739999900883,pass
79.545497264,16384,0.09974900000031539,pass
79.550736313,16384,0.1045359999949369,pass
79.555976745,16384,0.10522700000592522,pass
79.561216505,16384,0.09947899999929177,pass
79.566452691,16384,0.1076110000042263,pass
79.571695095,16384,0.10241300000757292,pass
79.576936939,16384,0.14052999999591975,pass
79.582222337,16384,0.11111699998878066,pass
79.587472744,16384,0.10403600001041013,pass
79.592717322,16384,0.10866200000236859,pass
79.597967568,16384,0.09993899999471978,pass
79.603209652,16384,0.09959899999500976,pass
79.608459497,16384,0.11146699999642351,pass
79.61372033,16384,0.11241799998629176,pass
79.6189801,16384,0.10141100000282677,pass
79.624231007,16384,0.10247399998775109,pass
79.629480272,16384,0.10731000000419044,pass
79.634726863,16384,0.10788100000524992,pass
79.639970329,16384,0.09633400000552683,pass
79.645200525,16384,0.07442099999366292,pass
79.650410501,16384,0.09705499999768108,pass
79.655622109,16384,0.06771099999980379,pass
79.660804724,16384,0.05270900000198253,pass
79.665966678,16384,0.07744599999170987,pass
79.671150845,16384,0.05383100000244667,pass
79.676306971,16384,0.05347999999116837,pass
79.681464889,16384,0.05151700000283199,pass
79.686623368,16384,0.09332899999492383,pass
79.691832573,16384,0.0961840000002212,pass
79.697077911,16384,0.11630400000228747,pass
79.702343891,16384,0.1059089999984053,pass
79.707601218,16384,0.10357500001134667,pass
79.71284891,16384,0.10114199999122775,pass
79.718095711,16384,0.08250399999099045,pass
79.72331414,16384,0.10420600000315972,pass
79.728552709,16384,0.10466599999858772,pass
79.733793271,16384,0.10549800001058429,pass
79.739047583,16384,0.10657900000410336,pass
79.744293493,16384,0.10586800000567109,pass
79.749536688,16384,0.13173699998958455,pass
79.754815918,16384,0.10806199999535693,pass
79.760064141,16384,0.11108600000397928,pass
79.765319094,16384,0.10560799999836945,pass
79.77056873,16384,0.11040500000092379,pass
79.775827368,16384,0.10715100000879829,pass
79.781076703,16384,0.07608399999980975,pass
79.786299789,16384,0.06910300000129155,pass
79.791519209,16384,0.105027000003588,pass
79.79676625,16384,0.0951829999991105,pass
79.802016968,16384,0.08517700000254536,pass
79.807237108,16384,0.09790700001133246,pass
79.812468396,16384,0.07256899999674715,pass
79.81767685,16384,0.10637900000176614,pass
79.822918854,16384,0.10525800000493746,pass
79.828163381,16384,0.10265400000264435,pass
79.833403883,16384,0.11196799999879659,pass
79.838654961,16384,0.10689999999158317,pass
79.843902012,16384,0.11315899999431167,pass
79.849158318,16384,0.10663900000906779,pass
79.854408073,16384,0.10032999999509684,pass
79.859658109,16384,0.10247300001253734,pass
79.864910909,16384,0.11028499999099495,pass
79.870171671,16384,0.1049570000049016,pass
79.875429268,16384,0.10734099998899183,pass
79.880678663,16384,0.0944610000033208,pass
79.885914879,16384,0.10507700000061959,pass
79.891161179,16384,0.10975400000745594,pass
79.896403273,16384,0.09156699999834927,pass
79.901630264,16384,0.10728099999823826,pass
79.90687326,16384,0.10918300000639647,pass
79.912121443,16384,0.09942799999862473,pass
79.917357187,16384,0.09649500000818989,pass
79.922592491,16384,0.10465599999065489,pass
79.927837199,16384,0.11134700000070552,pass
79.933089819,16384,0.0946509999977252,pass
79.938329049,16384,0.1133290000012721,pass
79.943592645,16384,0.10865200000864661,pass
79.948857562,16384,0.11613399999532703,pass
79.954119937,16384,0.1143309999918074,pass
79.959383644,16384,0.10935299999914605,pass
79.964638837,16384,0.09805599999879178,pass
79.969861302,16384,0.0754530000079967,pass
79.975070276,16384,0.10027999999806525,pass
79.98030549,16384,0.10299399998814351,pass
79.985543858,16384,0.09135700000229008,pass
79.990772282,16384,0.10561800000630228,pass
79.99603707,16384,0.076504000006139,pass
80.001251933,16384,0.10981399999820951,pass
80.006499826,16384,0.07704499999761083,pass
80.011719406,16384,0.0672910000076854,pass
80.016924625,16384,0.06511700000544351,pass
80.022145347,16384,0.06337399999267745,pass
80.027359579,16384,0.11618399999235862,pass
80.0326199,16384,0.10969500000612697,pass
80.037876426,16384,0.10912300000143205,pass
80.043136857,16384,0.10190300000090247,pass
80.04838464,16384,0.10210300000323969,pass
80.053627575,16384,0.10872300001096846,pass
80.058872784,16384,0.10345500000141783,pass
80.064082239,16384,0.10176199999989421,pass
80.069320508,16384,0.09523199999250664,pass
80.074549312,16384,0.10943399999518988,pass
80.079793088,16384,0.0880420000015647,pass
80.085017936,16384,0.06891399999631176,pass
80.090195023,16384,0.061611999996102895,pass
80.095366812,16384,0.0722879999983661,pass
80.100547344,16384,0.06307399999627705,pass
80.105716839,16384,0.06402600000399161,pass
80.110894627,16384,0.06765200001268568,pass
80.116106476,16384,0.08778100000483846,pass
80.121344835,16384,0.08110099999214526,pass
80.126580989,16384,0.08079100000202288,pass
80.131811937,16384,0.07934900000350353,pass
80.13705311,16384,0.07734500000822209,pass
80.142266501,16384,0.07554300000833791,pass
80.147459842,16384,0.08625899999969988,pass
80.152658471,16384,0.06034000000454398,pass
80.157819584,16384,0.051096000007078146,pass
80.162971332,16384,0.06343500000127733,pass
80.168134368,16384,0.05167800000549505,pass
80.173285936,16384,0.047502000001031774,pass
80.178433289,16384,0.09434100000760282,pass
80.183631467,16384,0.08625899999969988,pass
80.18885955,16384,0.10291399999573514,pass
80.194108675,16384,0.11267900001143971,pass
80.199373713,16384,0.11313999999629232,pass
80.204632372,16384,0.10628899998721408,pass
80.20989004,16384,0.10755099999926188,pass
80.215129139,16384,0.0685929999946211,pass
80.220308469,16384,0.060750999992364996,pass
80.225468691,16384,0.04966400000228077,pass
80.230612277,16384,0.0483019999961698,pass
80.235755483,16384,0.047941999994804974,pass
80.240938909,16384,0.07479200000659603,pass
80.246149356,16384,0.06205299999351155,pass
80.251350048,16384,0.13186699999323537,pass
80.256626975,16384,0.09909799999263669,pass
80.261867636,16384,0.10397599999123486,pass
80.267112284,16384,0.10953399998925306,pass
80.272360116,16384,0.09709600000462615,pass
80.277601309,16384,0.10041000000171607,pass
80.28285462,16384,0.10753100001181792,pass
80.288108792,16384,0.1078210000002855,pass
80.293369114,16384,0.11467100000572827,pass
80.298628543,16384,0.10922399999913068,pass
80.30388539,16384,0.11015500000155498,pass
80.309146221,16384,0.10715099999458744,pass
80.314387605,16384,0.10470700000553279,pass
80.319626724,16384,0.10488699999200435,pass
80.324874427,16384,0.10061000000405329,pass
80.330110872,16384,0.11076599999171322,pass
80.335360317,16384,0.11030600001049606,pass
80.340607529,16384,0.10827200000562698,pass
80.345857355,16384,0.11044499999002255,pass
80.351108161,16384,0.11147700000435634,pass
80.356356815,16384,0.09725600000365375,pass
80.361602355,16384,0.11278899999922487,pass
80.366870588,16384,0.11236800000347102,pass
80.372108505,16384,0.10086100000705756,pass
80.377358532,16384,0.09878699999887885,pass
80.382598462,16384,0.09749599999508973,pass
80.387846004,16384,0.10489699999993718,pass
80.393087728,16384,0.1039560000037909,pass
80.398325205,16384,0.10247299999832649,pass
80.403562782,16384,0.10424600000646933,pass
80.408804455,16384,0.10190300000090247,pass
80.414055163,16384,0.11096599999405043,pass
80.419305058,16384,0.13513199999692915,pass
80.424584728,16384,0.10193200000685465,pass
80.429828665,16384,0.11086599999998725,pass
80.435079432,16384,0.11068599999930484,pass
80.440333454,16384,0.10226300000226729,pass
80.445583881,16384,0.11119599999176444,pass
80.450848438,16384,0.11666400000365229,pass
80.456112405,16384,0.10341499999810821,pass
80.461370362,16384,0.1091040000034127,pass
80.466625256,16384,0.11075599999799124,pass
80.471882582,16384,0.10811199999238852,pass
80.477137786,16384,0.09161699999538087,pass
80.482362013,16384,0.10433600000681054,pass
80.487601504,16384,0.10351500000638225,pass
80.492842706,16384,0.09478199999080061,pass
80.498072822,16384,0.10179200000948185,pass
80.503313354,16384,0.10839200000134497,pass
80.508558713,16384,0.1060480000063535,pass
80.513806546,16384,0.10978400000283273,pass
80.519059826,16384,0.11110599999142323,pass
80.524314679,16384,0.10539800000231025,pass
80.529569602,16384,0.11133700000698354,pass
80.534837175,16384,0.11458099999117621,pass
80.540098888,16384,0.11320899999134326,pass
80.545365289,16384,0.11130599999376045,pass
80.55062585,16384,0.10282399999539393,pass
80.555879361,16384,0.10405599999785409,pass
80.561120554,16384,0.10072999999977128,pass
80.566355107,16384,0.09956899999963298,pass
80.57159021,16384,0.10369500000706466,pass
80.576831063,16384,0.10494699999696877,pass
80.582071564,16384,0.1096339999975271,pass
80.587319997,16384,0.10945400001105554,pass
80.592567169,16384,0.10946399999056666,pass
80.597816003,16384,0.10440699999492153,pass
80.603060701,16384,0.11379999999405754,pass
80.608318058,16384,0.11086599999998725,pass
80.613576637,16384,0.10806200000956778,pass
80.618854124,16384,0.11571299999957319,pass
80.624120744,16384,0.10294400000532278,pass
80.629376179,16384,0.10828199999934895,pass
80.634634437,16384,0.10130200000446621,pass
80.639883111,16384,0.10605800000007548,pass
80.645140613,16384,0.07690500000023803,pass
80.650350639,16384,0.07542299999840907,pass
80.655535497,16384,0.0657789999962688,pass
80.660703961,16384,0.05964900000776652,pass
80.665863602,16384,0.05701499999588577,pass
80.671042682,16384,0.06555799998864131,pass
80.676210214,16384,0.05818700000759236,pass
80.681371707,16384,0.060380999997278195,pass
80.686536916,16384,0.06178200000306333,pass
80.691703487,16384,0.05995000000780237,pass
80.696876147,16384,0.06358500000658296,pass
80.70209686,16384,0.09202700000798814,pass
80.7073369,16384,0.08131199999183991,pass
80.712560637,16384,0.08098100001063813,pass
80.717783442,16384,0.0793389999955707,pass
80.723028401,16384,0.07619400000180576,pass
80.72824078,16384,0.07395100000451293,pass
80.733452539,16384,0.07610400000146456,pass
80.738664097,16384,0.07547300000965151,pass
80.743875666,16384,0.07619400000180576,pass
80.749088465,16384,0.07517299999904026,pass
80.754301536,16384,0.07884800000113046,pass
80.75951657,16384,0.0779159999950707,pass
80.764735159,16384,0.07823699999676137,pass
80.769953026,16384,0.09419100000229719,pass
80.775186998,16384,0.07856700000274941,pass
80.780412262,16384,0.09142700000097648,pass
80.785632403,16384,0.07772600000066632,pass
80.790819054,16384,0.05615400000635873,pass
80.795981869,16384,0.08706100000210881,pass
80.801175211,16384,0.062061999997808925,pass
80.806346559,16384,0.06385499999339572,pass
80.811509554,16384,0.057486000002882065,pass
80.816661353,16384,0.0542819999935773,pass
80.821812712,16384,0.05763600000818769,pass
80.826969998,16384,0.07217800001058094,pass
80.832139404,16384,0.05635399999448509,pass
80.837296771,16384,0.05914899999481804,pass
80.842453418,16384,0.05770599999266324,pass
80.847612818,16384,0.05999900000119851,pass
80.852817235,16384,0.08605899999736266,pass
80.858059349,16384,0.08229300000550666,pass
80.863286591,16384,0.08111199998950269,pass
80.868519651,16384,0.0845969999971885,pass
80.873753203,16384,0.08551799999167997,pass
80.878984992,16384,0.09175700000696452,pass
80.884228177,16384,0.08408600000109345,pass
80.889460327,16384,0.08035000000461423,pass
80.894680417,16384,0.08447700000147051,pass
80.899900899,16384,0.07553300000040508,pass
80.905110474,16384,0.07459200000425881,pass
80.910322244,16384,0.07654399999523775,pass
80.915533381,16384,0.07527200000367884,pass
80.920748494,16384,0.07728600000689312,pass
80.925961565,16384,0.09412100000361079,pass
80.931194916,16384,0.07908800000677729,pass
80.936414386,16384,0.0808310000053325,pass
80.941638623,16384,0.07984999999166575,pass
80.946864383,16384,0.08079100000202288,pass
80.952095581,16384,0.08340400000861337,pass
80.957325236,16384,0.08409599999481543,pass
80.96256026,16384,0.08165199999154993,pass
80.967793891,16384,0.07878799999616604,pass
80.97304273,16384,0.09238799999877756,pass
80.978271804,16384,0.0827140000012605,pass
80.983488421,16384,0.06094100000098024,pass
80.988683124,16384,0.06009899999526169,pass
80.993878318,16384,0.10507700000061959,pass
80.999117207,16384,0.10241300000757292,pass
81.004357598,16384,0.10901299999943603,pass
81.009603548,16384,0.09780599999942297,pass
81.014839713,16384,0.10551799999802824,pass
81.020084711,16384,0.11227800000312982,pass
81.025341027,16384,0.10508700000855242,pass
81.030591343,16384,0.1146820000030857,pass
81.035857083,16384,0.13080499999773565,pass
81.041167268,16384,0.10034000000302967,pass
81.046419087,16384,0.10887300000206324,pass
81.051683544,16384,0.1007909999941603,pass
81.056928222,16384,0.10734100000320268,pass
81.062177708,16384,0.10473700000090957,pass
81.067417188,16384,0.0958630000127414,pass
81.072646733,16384,0.09378100000390077,pass
81.077874145,16384,0.10527700000295681,pass
81.083050711,16384,0.06316399999661826,pass
81.088214768,16384,0.04774200000667861,pass
81.093373377,16384,0.062434000000166634,pass
81.098537965,16384,0.05193799999858584,pass
81.103689504,16384,0.04867299999489205,pass
81.108844408,16384,0.05763600000818769,pass
81.114030337,16384,0.057486000002882065,pass
81.119204019,16384,0.0627540000124327,pass
81.124379814,16384,0.05745600000750528,pass
81.129540546,16384,0.05156699999986358,pass
81.13470196,16384,0.052327999995327446,pass
81.139858315,16384,0.09840699999585922,pass
81.145106248,16384,0.09836699999254961,pass
81.150316384,16384,0.061561999999071304,pass
81.155478308,16384,0.0487930000048209,pass
81.160627553,16384,0.046890000007238086,pass
81.165772321,16384,0.04624999999691681,pass
81.170915968,16384,0.04736100000002352,pass
81.176063961,16384,0.0522590000002765,pass
81.181230423,16384,0.05072599999778049,pass
81.186385726,16384,0.05446200000847057,pass
81.191548642,16384,0.0994379999923467,pass
81.196750135,16384,0.08678000000372776,pass
81.201948944,16384,0.10620900000901656,pass
81.207170948,16384,0.08924400000864807,pass
81.212365161,16384,0.06450600000107443,pass
81.2175372,16384,0.05437100000449391,pass
81.222703981,16384,0.05383100000244667,pass
81.227866456,16384,0.05534299999965242,pass
81.233037353,16384,0.04669000000490087,pass
81.238177255,16384,0.04429599999866696,pass
81.243316364,16384,0.047752000000400585,pass
81.248459921,16384,0.04756099998814989,pass
81.253603027,16384,0.04638900000486501,pass
81.258789117,16384,0.06481699999483226,pass
81.263991461,16384,0.08744099999091759,pass
81.269219385,16384,0.1077510000015991,pass
81.274468699,16384,0.10692000000744883,pass
81.279716081,16384,0.11289900000122088,pass
81.284976893,16384,0.15052599999876293,pass
81.290284635,16384,0.1061889999931509,pass
81.295539729,16384,0.11053500000457461,pass
81.30080003,16384,0.11434099999974023,pass
81.306058969,16384,0.10001999999076361,pass
81.311307173,16384,0.10689999999158317,pass
81.316548415,16384,0.09289899999487261,pass
81.321774496,16384,0.10002899999506099,pass
81.327027275,16384,0.1257579999958125,pass
81.332298263,16384,0.10951400000180911,pass
81.337544603,16384,0.10829200000728179,pass
81.342792115,16384,0.1120780000007926,pass
81.348060298,16384,0.10851200001127381,pass
81.353308421,16384,0.09577400000182479,pass
81.358543325,16384,0.10736000000122203,pass
81.363789775,16384,0.09694499999568507,pass
81.369050357,16384,0.11263899999391924,pass
81.374314844,16384,0.10462699999891356,pass
81.379566042,16384,0.10097100000905357,pass
81.38481731,16384,0.1105649999999514,pass
81.390068307,16384,0.11064599999599523,pass
81.395326445,16384,0.10726000000715885,pass
81.400569581,16384,0.10591800000270268,pass
81.40580905,16384,0.10839300000498042,pass
81.411053348,16384,0.09971900000493861,pass
81.416286308,16384,0.09265900000343663,pass
81.421514682,16384,0.1076310000058811,pass
81.426761322,16384,0.11022500000024138,pass
81.432035235,16384,0.08108100000470131,pass
81.437255976,16384,0.09558300000378495,pass
81.442489257,16384,0.09717499999339907,pass
81.447729278,16384,0.1102150000065194,pass
81.452986755,16384,0.13193700000613262,pass
81.458275008,16384,0.10722099999327384,pass
81.463528459,16384,0.10456599999031368,pass
81.468785245,16384,0.10564799998746821,pass
81.474049993,16384,0.10829200000728179,pass
81.479304195,16384,0.10798200000294855,pass
81.484548312,16384,0.09807700000408204,pass
81.48977952,16384,0.09703499999602627,pass
81.495027343,16384,0.12696000000289587,pass
81.50029161,16384,0.10830200000100376,pass
81.505536298,16384,0.10641900000507576,pass
81.510781867,16384,0.11147600000072089,pass
81.516056099,16384,0.13567300000261184,pass
81.521340516,16384,0.09614400001112244,pass
81.526578674,16384,0.1141209999957482,pass
81.531836542,16384,0.11074600000426926,pass
81.537095441,16384,0.110495000001265,pass
81.542361922,16384,0.11157699999841952,pass
81.547618948,16384,0.10893300000702766,pass
81.552878678,16384,0.10482700000125078,pass
81.55812581,16384,0.11071599999468162,pass
81.563384439,16384,0.10991499999590815,pass
81.568645611,16384,0.10666000000014719,pass
81.573886002,16384,0.10496699999862358,pass
81.579147876,16384,0.10709100000383387,pass
81.584390831,16384,0.10443700000450917,pass
81.589631894,16384,0.1024430000029497,pass
81.594872976,16384,0.10666000000014719,pass
81.600116503,16384,0.10471699999925477,pass
81.605362372,16384,0.09419100000229719,pass
81.610599279,16384,0.10018999999772404,pass
81.615840782,16384,0.10792099999434868,pass
81.621094533,16384,0.11493200000245452,pass
81.62635837,16384,0.10667899999816655,pass
81.631610399,16384,0.10615899999777412,pass
81.636859643,16384,0.09888800001078835,pass
81.642105803,16384,0.10633899999845653,pass
81.647358774,16384,0.10759100000257149,pass
81.652603412,16384,0.09705499999768108,pass
81.657809512,16384,0.06231300000081319,pass
81.662969944,16384,0.05869700000005196,pass
81.668128933,16384,0.04983499999866581,pass
81.673277227,16384,0.04724100000430553,pass
81.678422436,16384,0.04618899998831694,pass
81.683566463,16384,0.05275899999901412,pass
81.688718112,16384,0.049633999992693134,pass
81.693907607,16384,0.06541800000547937,pass
81.699115449,16384,0.06301499999494808,pass
81.704324775,16384,0.06445599998983198,pass
81.70954066,16384,0.12206299999206749,pass
81.714809854,16384,0.10634900000638936,pass
81.720065168,16384,0.10910399998920184,pass
81.725318979,16384,0.10885300000040843,pass
81.730577678,16384,0.11056600000358685,pass
81.735825131,16384,0.1220120000056113,pass
81.741083379,16384,0.07779599999935272,pass
81.746293545,16384,0.06107100000463106,pass
81.751494438,16384,0.061561999999071304,pass
81.7566885,16384,0.09354000000882934,pass
81.761920688,16384,0.13316999999801737,pass
81.767195882,16384,0.08394600000372066,pass
81.772419779,16384,0.10411600000281851,pass
81.777665198,16384,0.1129590000061853,pass
81.782916235,16384,0.10315400000138197,pass
81.788162446,16384,0.07927800000118168,pass
81.793388235,16384,0.07966900000155874,pass
81.798612092,16384,0.08019000000558663,pass
81.803836349,16384,0.07463200000756842,pass
81.809070802,16384,0.07420100000388175,pass
81.814270322,16384,0.07439099999828613,pass
81.819480018,16384,0.07265800000766376,pass
81.824684896,16384,0.06997500000238688,pass
81.82988689,16384,0.07454200000722722,pass
81.835095103,16384,0.07263899999543355,pass
81.840300112,16384,0.07070600000247396,pass
81.845506953,16384,0.07423099999925853,pass
81.850715697,16384,0.07525300000565949,pass
81.855926019,16384,0.09195799999872634,pass
81.861130407,16384,0.06834199999161683,pass
81.866303207,16384,0.06599900000026082,pass
81.871474695,16384,0.06385599999703118,pass
81.876646494,16384,0.06578900000420163,pass
81.88185661,16384,0.08336499999472835,pass
81.887083652,16384,0.07448099999862734,pass
81.892304454,16384,0.07955899999956273,pass
81.897523984,16384,0.07427100000256814,pass
81.902736474,16384,0.0704050000024381,pass
81.907941012,16384,0.07045499999946969,pass
81.913144738,16384,0.06975499999839485,pass
81.918347453,16384,0.07026600000870076,pass
81.923550609,16384,0.07052600000179154,pass
81.928757751,16384,0.07224799999505649,pass
81.933965373,16384,0.07756599998742786,pass
81.939178815,16384,0.07598299998790026,pass
81.944392436,16384,0.07361999999488944,pass
81.949594971,16384,0.07326899999782199,pass
81.954810845,16384,0.07454200000722722,pass
81.960047842,16384,0.07974900000817797,pass
81.965249936,16384,0.08715999999253654,pass
81.970472711,16384,0.0778259999947295,pass
81.975662006,16384,0.06469700001332512,pass
81.980839523,16384,0.062033000006067596,pass
81.986023109,16384,0.06684999999606589,pass
81.991190883,16384,0.05459099999427508,pass
81.996346788,16384,0.06285400000649588,pass
82.001511295,16384,0.055763999995406266,pass
82.006667331,16384,0.06504699999254626,pass
82.011833031,16384,0.05762600000025486,pass
82.01699242,16384,0.07677500001079807,pass
82.022171601,16384,0.0641959999967412,pass
82.027378892,16384,0.08649000000104934,pass
82.032608849,16384,0.07919799999456245,pass
82.037811003,16384,0.1150519999981725,pass
82.043074349,16384,0.11306900000818132,pass
82.048343623,16384,0.08941400000139765,pass
82.053582092,16384,0.10374600000773171,pass
82.058832088,16384,0.11025499999561816,pass
82.064067442,16384,0.08292400001153055,pass
82.069276687,65536,0.083505000006312,pass
82.074492411,65536,0.07127700000353343,pass
82.079676007,65536,0.06926399998974375,pass
82.084855598,65536,0.06438599999114558,pass
82.090038123,65536,0.06080100000360744,pass
82.095207448,65536,0.06891300000688716,pass
82.100383994,65536,0.07091599999853315,pass
82.105561371,65536,0.0619630000073812,pass
82.110729294,65536,0.06650900000693127,pass
82.11589929,65536,0.06399599999440397,pass
82.121069747,65536,0.06099099999801183,pass
82.126240735,65536,0.06926300000031915,pass
82.13141715,65536,0.06895299999598592,pass
82.136591713,65536,0.06528800000182855,pass
82.141771073,65536,0.06787200000246685,pass
82.146986267,65536,0.09707499999933589,pass
82.152198156,65536,0.0726190000079896,pass
82.15737339,65536,0.058136999996349914,pass
82.162533291,65536,0.05841699999109551,pass
82.167692351,65536,0.05878800000402862,pass
82.172852192,65536,0.061642000005690534,pass
82.178024491,65536,0.058428000002663794,pass
82.183187226,65536,0.06367599999634876,pass
82.188351885,65536,0.060078999993606885,pass
82.193513098,65536,0.06112100000166265,pass
82.198675803,65536,0.062563000000182,pass
82.20387998,65536,0.085507999997958,pass
82.209107863,65536,0.0827140000012605,pass
82.214305621,65536,0.07251800001029096,pass
82.219485301,65536,0.06415599999343158,pass
82.224661216,65536,0.06431599999245918,pass
82.229830521,65536,0.06134200000929013,pass
82.235014288,65536,0.06212299999219795,pass
82.240173949,65536,0.05655400001103317,pass
82.245327079,65536,0.05643499999052892,pass
82.250479249,65536,0.0567950000061046,pass
82.255635905,65536,0.0577969999966399,pass
82.260831419,65536,0.08008000000359061,pass
82.266060504,65536,0.07855799999845203,pass
82.271275017,65536,0.07773600000859915,pass
82.276489289,65536,0.0763640000087662,pass
82.281701018,65536,0.0797789999893439,pass
82.286919957,65536,0.07826700000634901,pass
82.292149843,65536,0.08280400000160171,pass
82.297377105,65536,0.09195700000930174,pass
82.302614632,65536,0.08412600000440307,pass
82.307841473,65536,0.08140200000639197,pass
82.313065921,65536,0.07902800000181287,pass
82.318290639,65536,0.07996899999795914,pass
82.323506604,65536,0.07490199999438119,pass
82.328714506,65536,0.076454999998532,pass
82.33392314,65536,0.07567400000141333,pass
82.339144684,65536,0.07683500000155163,pass
82.344354379,65536,0.07561300000702431,pass
82.349566478,65536,0.07900900000379352,pass
82.354779829,65536,0.07858800000803967,pass
82.359994993,65536,0.09194800000500436,pass
82.365222886,65536,0.07878799999616604,pass
82.370442066,65536,0.07906800000512249,pass
82.375663028,65536,0.08185199999388715,pass
82.380885733,65536,0.08321399999999812,pass
82.386111292,65536,0.08450700001105815,pass
82.391339095,65536,0.07835699999247936,pass
82.396557834,65536,0.07973900000024514,pass
82.401779477,65536,0.07958899999493951,pass
82.406996424,65536,0.08783100000187005,pass
82.412217346,65536,0.07597399999781373,pass
82.41742606,65536,0.0747320000016316,pass
82.422635916,65536,0.07779599999935272,pass
82.427846132,65536,0.0755730000037147,pass
82.433051641,65536,0.07238899999606474,pass
82.438258262,65536,0.07943899998963388,pass
82.443463972,65536,0.07509200000299643,pass
82.448676412,65536,0.08051999999736381,pass
82.453897104,65536,0.08029999999337178,pass
82.459121251,65536,0.08178199999520075,pass
82.464344847,65536,0.08339499999010513,pass
82.469574132,65536,0.08482699999490251,pass
82.474801814,65536,0.08061100000134047,pass
82.480043908,65536,0.07804700000235698,pass
82.485262718,65536,0.07942799999227645,pass
82.49050409,65536,0.0950029999984281,pass
82.495742449,65536,0.08733099998892158,pass
82.5009425,65536,0.07866800000044805,pass
82.506125346,65536,0.06055000000060318,pass
82.511286609,65536,0.06106100001090908,pass
82.516453761,65536,0.06063000000722241,pass
82.521623476,65536,0.0631949999956305,pass
82.526785511,65536,0.06114100000331746,pass
82.53194408,65536,0.07649399999820616,pass
82.537125413,65536,0.06000999999855594,pass
82.542287888,65536,0.06374499999139971,pass
82.547459536,65536,0.06466699998952663,pass
82.552669242,65536,0.08205299999985982,pass
82.557892978,65536,0.07642500000315522,pass
82.563115593,65536,0.07531299999641305,pass
82.568333311,65536,0.07236799999077448,pass
82.573543247,65536,0.06937300000231517,pass
82.578747364,65536,0.06613900001184447,pass
82.583944701,65536,0.07294900001397764,pass
82.589135909,65536,0.0667300000003479,pass
82.594335329,65536,0.07143700000256104,pass
82.599539847,65536,0.06941399999504938,pass
82.604745486,65536,0.08180300000049101,pass
82.609963424,65536,0.0932800000015277,pass
82.615194772,65536,0.07360000000744549,pass
82.620407312,65536,0.0756630000040559,pass
82.625621214,65536,0.07600299998955506,pass
82.630842667,65536,0.07822700000303939,pass
82.63607762,65536,0.07582400000671896,pass
82.64129708,65536,0.07621400000346057,pass
82.646519695,65536,0.0844160000070815,pass
82.651748379,65536,0.07814699999642016,pass
82.656939867,65536,0.07980999998835614,pass
82.662121311,65536,0.06704999999840311,pass
82.667291066,65536,0.06380599999999959,pass
82.672454152,65536,0.05763599999397684,pass
82.677609556,65536,0.06300500000122611,pass
82.682770569,65536,0.056775000004449794,pass
82.687925222,65536,0.056814999993548554,pass
82.693077302,65536,0.05390999999121959,pass
82.698229942,65536,0.07419099999594891,pass
82.703405035,65536,0.0676619999921968,pass
82.70857403,65536,0.0717780000059065,pass
82.713751888,65536,0.07336999999552063,pass
82.718934683,65536,0.09567300000412615,pass
82.724154554,65536,0.07850700001199584,pass
82.729347424,65536,0.06674000000828073,pass
82.734523069,65536,0.06585799999925257,pass
82.73969684,65536,0.06443700000602348,pass
82.74486225,65536,0.05870700000798479,pass
82.750031134,65536,0.05832700000496516,pass
82.75518783,65536,0.05825800000991421,pass
82.760345227,65536,0.05998000000317916,pass
82.765530327,65536,0.07928800000911451,pass
82.770736787,65536,0.06872299999827192,pass
82.775932231,65536,0.06537800000216976,pass
82.781133514,65536,0.06422599999211798,pass
82.786317932,65536,0.060239999996269944,pass
82.791486326,65536,0.05098600000508213,pass
82.796645345,65536,0.05367100000341907,pass
82.801811836,65536,0.05541299999833882,pass
82.806977005,65536,0.06364500001154738,pass
82.812155093,65536,0.06076100000029783,pass
82.817329376,65536,0.05284899999935533,pass
82.822492051,65536,0.05283900000563335,pass
82.82764392,65536,0.04774200000667861,pass
82.832832704,65536,0.0567250000074182,pass
82.83803555,65536,0.05790599999500046,pass
82.843230403,65536,0.05811699999469511,pass
82.848423444,65536,0.05814699999007189,pass
82.853621001,65536,0.1357930000125407,pass
82.858900902,65536,0.11168700000041554,pass
82.864153782,65536,0.09939899999267254,pass
82.869393422,65536,0.10738099999230144,pass
82.874644379,65536,0.10232299999302086,pass
82.879876448,65536,0.14684999999303727,pass
82.885175898,65536,0.11147700000435634,pass
82.890433415,65536,0.11693499999410051,pass
82.895701438,65536,0.11342899999533529,pass
82.900964393,65536,0.10438600000384213,pass
82.90621505,65536,0.10936399999650348,pass
82.911462702,65536,0.10882300000503164,pass
82.916705037,65536,0.09441100000628921,pass
82.92193341,65536,0.138898000002996,pass
82.927213942,65536,0.12414600000454357,pass
82.932478319,65536,0.09334000000649212,pass
82.937710658,65536,0.10733099999526985,pass
82.942959513,65536,0.10757100000091668,pass
82.948208146,65536,0.10720100000582988,pass
82.953455148,65536,0.1033049999961122,pass
82.958699335,65536,0.11176799999645937,pass
82.963957003,65536,0.10679999999751999,pass
82.969214119,65536,0.11062599999434042,pass
82.974473369,65536,0.11521200001141096,pass
82.979737145,65536,0.1103550000038922,pass
82.984996515,65536,0.09870799999589508,pass
82.990242735,65536,0.11024500000189619,pass
82.995490178,65536,0.09193700000764693,pass
83.000729067,65536,0.1056580000096119,pass
83.005969468,65536,0.09792699999877641,pass
83.011204792,65536,0.10812200000032135,pass
83.016445914,65536,0.09324999999194006,pass
83.021678434,65536,0.10950400000808713,pass
83.026924694,65536,0.1439760000039314,pass
83.032217294,65536,0.10271399999339792,pass
83.037458477,65536,0.1061889999931509,pass
83.042708472,65536,0.10532800000362386,pass
83.0479593,65536,0.10261299999569928,pass
83.053211248,65536,0.10650000000111959,pass
83.058464439,65536,0.11286899999163325,pass
83.063726072,65536,0.10944400000312271,pass
83.068988166,65536,0.09329000000946053,pass
83.074228728,65536,0.10704000000316682,pass
83.079472875,65536,0.07479200000659603,pass
83.084662681,65536,0.06357499999865013,pass
83.089827179,65536,0.048332000005757436,pass
83.094985407,65536,0.0772260000019287,pass
83.10017274,65536,0.06541799999126852,pass
83.105344128,65536,0.05973900000810772,pass
83.110506983,65536,0.06075100000657585,pass
83.11567024,65536,0.05867699999839715,pass
83.120833746,65536,0.06524699999488348,pass
83.126030923,65536,0.05898799999215498,pass
83.131237483,65536,0.08601899999405305,pass
83.136465847,65536,0.08288400000822094,pass
83.141697906,65536,0.08445599999618025,pass
83.146928633,65536,0.09105600000225422,pass
83.152139971,65536,0.07167700000820787,pass
83.157321574,65536,0.0585880000016914,pass
83.162483528,65536,0.060580999999615415,pass
83.167647095,65536,0.057114999989948956,pass
83.172802189,65536,0.05584299999839004,pass
83.177961399,65536,0.19810599999914302,pass
83.18326171,65536,0.05969000000050073,pass
83.188422112,65536,0.06139200000632172,pass
83.193585488,65536,0.05973900000810772,pass
83.198913551,65536,0.06348499999830892,pass
83.204081623,65536,0.062374000009413066,pass
83.209249417,65536,0.05841700000530636,pass
83.214421516,65536,0.06472699999449105,pass
83.219598543,65536,0.0652370000011615,pass
83.224776521,65536,0.06851199999857727,pass
83.229951534,65536,0.06548800000416577,pass
83.235132086,65536,0.06698100000335216,pass
83.240309824,65536,0.06575800000518939,pass
83.245485309,65536,0.06316399999661826,pass
83.250648194,65536,0.05564300001026368,pass
83.255800784,65536,0.05877799999609579,pass
83.261021756,65536,0.07748599999501948,pass
83.266236529,65536,0.07693500000982567,pass
83.271450542,65536,0.07639400000414298,pass
83.276663101,65536,0.07899800000643609,pass
83.28188174,65536,0.07686499999692842,pass
83.287099938,65536,0.0791289999995115,pass
83.29231987,65536,0.08094099999311766,pass
83.297542434,65536,0.07952900000418595,pass
83.302771469,65536,0.0815019999862443,pass
83.30802524,65536,0.07951899999625311,pass
83.313251751,65536,0.07979900000520956,pass
83.318479063,65536,0.08265399999629608,pass
83.323706865,65536,0.07829699998751494,pass
83.328926436,65536,0.09518199999547505,pass
83.334158354,65536,0.07109700000285102,pass
83.339363143,65536,0.07606399999815494,pass
83.344571666,65536,0.0754530000079967,pass
83.349783946,65536,0.07702599999959148,pass
83.354998218,65536,0.09030500000051234,pass
83.360226072,65536,0.07966900000155874,pass
83.365442047,65536,0.07533299999806786,pass
83.370660236,65536,0.07897799999057042,pass
83.375880157,65536,0.08026000000427302,pass
83.381101551,65536,0.08033000000295942,pass
83.386331246,65536,0.08157199999914155,pass
83.3915659,65536,0.08784099999559203,pass
83.396767323,65536,0.06901399999037494,pass
83.401952933,65536,0.08138199999052631,pass
83.407179595,65536,0.08153199999583194,pass
83.412407217,65536,0.0801300000006222,pass
83.417623353,65536,0.07490200000859204,pass
83.422832618,65536,0.07565299999612307,pass
83.428061893,65536,0.07202799999106446,pass
83.433268044,65536,0.0756430000024011,pass
83.438479212,65536,0.07749599998874146,pass
83.443696279,65536,0.07767700000727018,pass
83.449129239,65536,0.3007100000047558,pass
83.454547137,65536,0.06375499999933254,pass
83.459720769,65536,0.0666600000016615,pass
83.464891346,65536,0.0630749999999125,pass
83.47013294,65536,0.2966039999989789,pass
83.475667762,65536,0.3549620000029563,pass
83.481175945,65536,0.35865699999249046,pass
83.486771128,65536,0.07063600000378756,pass
83.492216557,65536,0.1698949999990873,pass
83.497542688,65536,0.2172450000017534,pass
83.502861026,65536,0.055502999998680025,pass
83.508028409,65536,0.05638399998986188,pass
83.513183423,65536,0.05568299999936244,pass
83.518411897,65536,0.29569300001242027,pass
83.52393335,65536,0.1610510000062959,pass
83.52923277,65536,0.3676500000011629,pass
83.534778509,65536,0.5088509999922053,pass
83.540484337,65536,0.23251800000423373,pass
83.545897077,65536,0.44497599999715476,pass
83.551497147,65536,0.13181699999620378,pass
83.5567451,65536,0.33591300000068713,pass
83.562197409,65536,0.07067599999288632,pass
83.567378342,65536,0.06265400000415866,pass
83.572557472,65536,0.07136700000387464,pass
83.577739998,65536,0.06580800000222098,pass
83.582913219,65536,0.06125199999473807,pass
83.588074192,65536,0.05635400000869595,pass
83.593226382,65536,0.05537300000924006,pass
83.59842404,65536,0.0874109999955408,pass
83.603647096,65536,0.07569299999943269,pass
83.608861889,65536,0.07916900000282112,pass
83.614079617,65536,0.07995999999366177,pass
83.619301001,65536,0.07930799999655846,pass
83.624525198,65536,0.082152999993923,pass
83.629753973,65536,0.07930900000019392,pass
83.634980604,65536,0.098206999993522,pass
83.640228117,65536,0.08558799999036637,pass
83.645470422,65536,0.08614799999406841,pass
83.650710513,65536,0.08233299999460542,pass
83.655946999,65536,0.11496200001204215,pass
83.661185949,65536,0.06809200000645887,pass
83.666362415,65536,0.05669500001204142,pass
83.671522597,65536,0.052728999989426484,pass
83.676674757,65536,0.04933399999629273,pass
83.681823842,65536,0.08789199999625907,pass
83.687026978,65536,0.08422599999846625,pass
83.692212167,65536,0.08447700000147051,pass
83.697395714,65536,0.08621900001060112,pass
83.702620953,65536,0.1099850000088054,pass
83.707872192,65536,0.1105850000016062,pass
83.713127916,65536,0.10368599998855643,pass
83.718374187,65536,0.11211800000410221,pass
83.723634289,65536,0.10155100000019956,pass
83.728892317,65536,0.13577299999667503,pass
83.734188162,65536,0.10892299999909483,pass
83.739449775,65536,0.10636999999746877,pass
83.744704228,65536,0.1080019999903925,pass
83.749954876,65536,0.11144599999113325,pass
83.755203169,65536,0.12222300000530595,pass
83.760461738,65536,0.09445199999902343,pass
83.765691554,65536,0.10268399999802114,pass
83.770930875,65536,0.11558299999592236,pass
83.776185077,65536,0.10825200000397217,pass
83.781433792,65536,0.11115600000266568,pass
83.786663798,65536,0.07130699999891021,pass
83.791872402,65536,0.06258400000547226,pass
83.797072584,65536,0.062633999988293,pass
83.802278434,65536,0.0668200000006891,pass
83.807495872,65536,0.11727499999381052,pass
83.812763044,65536,0.11843700001179513,pass
83.818044467,65536,0.10786199999301971,pass
83.823303747,65536,0.1110769999996819,pass
83.82856472,65536,0.10803199999998014,pass
83.833815658,65536,0.11111599999935606,pass
83.839063731,65536,0.09727600000530856,pass
83.84429533,65536,0.10619900000108373,pass
83.849536633,65536,0.10178300000518448,pass
83.85477364,65536,0.09577400000182479,pass
83.860023416,65536,0.10755099999926188,pass
83.865269447,65536,0.1314959999945131,pass
83.870547996,65536,0.10880199999974138,pass
83.875797842,65536,0.1077510000015991,pass
83.881060577,65536,0.11152700000138793,pass
83.886313768,65536,0.11329900000589532,pass
83.891576794,65536,0.11393999999143034,pass
83.89684685,65536,0.1151219999968589,pass
83.902113301,65536,0.1094240000014679,pass
83.907372891,65536,0.11154700000304274,pass
83.912628486,65536,0.09589399999754278,pass
83.917862879,65536,0.10535799999900064,pass
83.923104343,65536,0.10030999999344203,pass
83.928338465,65536,0.10161200000879944,pass
83.933577956,65536,0.09351000001345255,pass
83.938806219,65536,0.09772699999643919,pass
83.944057047,65536,0.10631899999680172,pass
83.949301976,65536,0.11030499999264975,pass
83.9545509,65536,0.11227800000312982,pass
83.959815028,65536,0.10722000000384924,pass
83.965065164,65536,0.09770600000535978,pass
83.970302993,65536,0.10940299999617764,pass
83.975544936,65536,0.07981999999628897,pass
83.98077281,65536,0.08644899999410427,pass
83.986023857,65536,0.08170299999221697,pass
83.991249758,65536,0.08161200000245117,pass
83.99645711,65536,0.08005000000821383,pass
84.001678954,65536,0.08043100000065806,pass
84.00689509,65536,0.07419099999594891,pass
84.012103904,65536,0.07250900000599358,pass
84.017312278,65536,0.07620399999552774,pass
84.022523867,65536,0.07799699999111454,pass
84.027741625,65536,0.07627399999421414,pass
84.03295751,65536,0.09730600000068534,pass
84.038197612,65536,0.07979899999099871,pass
84.043418384,65536,0.07907899998826906,pass
84.048640749,65536,0.08006999999565778,pass
84.053862654,65536,0.08065000000101463,pass
84.059091979,65536,0.08221299999888743,pass
84.064320723,65536,0.08620900000266829,pass
84.069556118,65536,0.08241300000122465,pass
84.074790691,65536,0.08263399999464127,pass
84.080034788,65536,0.0812019999898439,pass
84.085231054,65536,0.06784199999287921,pass
84.09040062,65536,0.057777000009195945,pass
84.095566921,65536,0.0656590000005508,pass
84.100734504,65536,0.05957000000478274,pass
84.105893615,65536,0.05752600000619168,pass
84.111052264,65536,0.06181300000207557,pass
84.116215571,65536,0.06304400000090027,pass
84.121379378,65536,0.058217000002969144,pass
84.126580231,65536,0.08724999999287775,pass
84.131809826,65536,0.08061100000134047,pass
84.137048175,65536,0.08252399999264526,pass
84.142279885,65536,0.08242300000915748,pass
84.147519025,65536,0.08460700000512134,pass
84.152725787,65536,0.07290900001066802,pass
84.157918948,65536,0.06509700000378871,pass
84.163094312,65536,0.06342500000755535,pass
84.168265981,65536,0.06354599999269794,pass
84.173429929,65536,0.060130000008484785,pass
84.178591323,65536,0.06221299999253915,pass
84.183753698,65536,0.05828700000165554,pass
84.188913479,65536,0.060950999994702215,pass
84.194073681,65536,0.05796699998938948,pass
84.199233532,65536,0.060841000006917056,pass
84.204435196,65536,0.08341499999175994,pass
84.209660165,65536,0.07868800000210285,pass
84.214856481,65536,0.0677310000014586,pass
84.220051405,65536,0.06031999998867832,pass
84.225225317,65536,0.06846300000518113,pass
84.230405649,65536,0.0630549999982577,pass
84.23557865,65536,0.06389600000034079,pass
84.24075073,65536,0.06066099999202379,pass
84.245923961,65536,0.0614020000000437,pass
84.251097894,65536,0.06420600000467402,pass
84.256306258,65536,0.08201300001076106,pass
84.261523215,65536,0.07481200000825083,pass
84.26673267,65536,0.07517299999904026,pass
84.271945361,65536,0.092208000012306,pass
84.277174706,65536,0.07491200000231402,pass
84.282388879,65536,0.07983900000851918,pass
84.287605986,65536,0.07735599999136866,pass
84.292823323,65536,0.08054100000265407,pass
84.298053129,65536,0.08172300000808264,pass
84.303279039,65536,0.07874799999285642,pass
84.30849875,65536,0.08161300000608662,pass
84.313733063,65536,0.08523799999693438,pass
84.318964712,65536,0.08633900000631911,pass
84.324201038,65536,0.08116099999710968,pass
84.329422171,65536,0.08842199999037348,pass
84.334658997,65536,0.08091200000137633,pass
84.339877967,65536,0.07569399998885729,pass
84.345088655,65536,0.07608399999980975,pass
84.350299392,65536,0.07493200000396882,pass
84.355511362,65536,0.07802700000070217,pass
84.360722941,65536,0.07507299999076622,pass
84.365936673,65536,0.08144200000970159,pass
84.371154461,65536,0.07629399999586894,pass
84.376371899,65536,0.07925799999952687,pass
84.381590969,65536,0.08033000000295942,pass
84.386812703,65536,0.0803599999983362,pass
84.392055528,65536,0.08339500000431599,pass
84.397285094,65536,0.08316400000296653,pass
84.402518816,65536,0.08419600000308947,pass
84.407752057,65536,0.08202300000448304,pass
84.412984527,65536,0.0954429999922013,pass
84.418227212,65536,0.08033099999238402,pass
84.423446112,65536,0.07640500000150041,pass
84.428657841,65536,0.07678499999030919,pass
84.433878954,65536,0.0752730000073143,pass
84.439091575,65536,0.07872699998756616,pass
84.444304666,65536,0.07612400000311936,pass
84.449520901,65536,0.07868800000210285,pass
84.454736576,65536,0.07984999999166575,pass
84.459956167,65536,0.09380000000192013,pass
84.4651906,65536,0.08019000000558663,pass
84.470414908,65536,0.07988900000555077,pass
84.475640047,65536,0.08101100000601491,pass
84.480871986,65536,0.08390600000041104,pass
84.486105898,65536,0.08463700000049812,pass
84.491336195,65536,0.07839699999578897,pass
84.496561805,65536,0.08342499999969277,pass
84.501791371,65536,0.07976900000983278,pass
84.507028738,65536,0.07860799999548362,pass
84.512242931,65536,0.0759630000004563,pass
84.517452506,65536,0.07390100000748134,pass
84.522662252,65536,0.07763699998974971,pass
84.527874532,65536,0.07551299999875027,pass
84.533089436,65536,0.07788700000332938,pass
84.538304149,65536,0.07946899999922152,pass
84.543525373,65536,0.07875800000078925,pass
84.548744733,65536,0.08060099999340764,pass
84.553973007,65536,0.08238300000584786,pass
84.559198827,65536,0.0828740000002881,pass
84.564431417,65536,0.0850880000058396,pass
84.569661374,65536,0.08415599999977985,pass
84.574894915,65536,0.08062099999506245,pass
84.580125943,65536,0.08279400000787973,pass
84.585353766,65536,0.07798699999739256,pass
84.590575751,65536,0.07942899999591191,pass
84.595790885,65536,0.07584300000473831,pass
84.601015693,65536,0.07795700000201577,pass
84.606230337,65536,0.07734499999401123,pass
84.611443808,65536,0.07695499999726962,pass
84.616658002,65536,0.07800699999904737,pass
84.621875179,65536,0.08074100000499129,pass
84.627095661,65536,0.08037000000626904,pass
84.632317525,65536,0.07999999999697138,pass
84.637537917,65536,0.078387000002067,pass
84.64275904,65536,0.08069099999374885,pass
84.647989878,65536,0.09950899999466856,pass
84.653239734,65536,0.0836450000036848,pass
84.658439785,65536,0.06702100000666178,pass
84.66362155,65536,0.0660080000045582,pass
84.668801832,65536,0.06558799999822895,pass
84.673974362,65536,0.06808199999852604,pass
84.679141845,65536,0.05643400000110432,pass
84.684295977,65536,0.05764699999133427,pass
84.689488978,65536,0.07718599999861908,pass
84.69470257,65536,0.07714599999530947,pass
84.699917023,65536,0.0777870000092662,pass
84.705146188,65536,0.07878799999616604,pass
84.710364147,65536,0.07857699999647139,pass
84.715582225,65536,0.08073099999705846,pass
84.72080456,65536,0.07952899998997509,pass
84.726035538,65536,0.08353500000168879,pass
84.731266536,65536,0.08311399999172409,pass
84.736503212,65536,0.08424600000012106,pass
84.741734631,65536,0.08133100000407012,pass
84.746963515,65536,0.08361499999409716,pass
84.752193451,65536,0.0791789999965431,pass
84.757410889,65536,0.0778259999947295,pass
84.762624661,65536,0.07479199999238517,pass
84.767833776,65536,0.07529299999475825,pass
84.773052596,65536,0.09256900000309543,pass
84.778259698,65536,0.06763100000739541,pass
84.783431027,65536,0.06003000000021075,pass
84.788598179,65536,0.06550799999160972,pass
84.793768226,65536,0.060120000000551954,pass
84.798933055,65536,0.06172199999809891,pass
84.804117453,65536,0.06258300000183681,pass
84.809284965,65536,0.05825799999570336,pass
84.814457626,65536,0.06565799999691535,pass
84.819639921,65536,0.06583799999759776,pass
84.824814154,65536,0.06431600000667004,pass
84.829993534,65536,0.08003000000655902,pass
84.835182069,65536,0.06217300000344039,pass
84.840353297,65536,0.06757100000243099,pass
84.84552085,65536,0.05468199999825174,pass
84.850672008,65536,0.05784699999367149,pass
84.855874464,65536,0.0842060000110223,pass
84.861094956,65536,0.07612400000311936,pass
84.866307045,65536,0.07610400000146456,pass
84.87152282,65536,0.07895800000312647,pass
84.876736473,65536,0.07851700000571782,pass
84.881956204,65536,0.09384999999895172,pass
84.887191658,65536,0.080040000000281,pass
84.892415465,65536,0.0792489999952295,pass
84.897644911,65536,0.0805699999943954,pass
84.902878022,65536,0.08267399999795089,pass
84.90810946,65536,0.08309499999370473,pass
84.91335527,65536,0.08258399999760968,pass
84.91858046,65536,0.07991900000092755,pass
84.923807531,65536,0.0808310000053325,pass
84.929044418,65536,0.0705659999908903,pass
84.934249287,65536,0.07653400000151578,pass
84.939460816,65536,0.07609300000410713,pass
84.944674047,65536,0.08781100000021524,pass
84.949898595,65536,0.0871100000097158,pass
84.955124385,65536,0.07614399999056332,pass
84.960337486,65536,0.07894799999519364,pass
84.965558249,65536,0.0781770000060078,pass
84.970777198,65536,0.07921899999985271,pass
84.975996509,65536,0.09266800000773401,pass
84.981237381,65536,0.08194299999786381,pass
84.986471103,65536,0.08465700000215293,pass
84.991705376,65536,0.07944899999756672,pass
84.996929283,65536,0.0848969999935889,pass
85.002158098,65536,0.07957900000121754,pass
85.00738549,65536,0.07851799999514242,pass
85.012601145,65536,0.0740609999922981,pass
85.017811843,65536,0.07523200000036923,pass
85.023032295,65536,0.07521200001292527,pass
85.028245045,65536,0.07769599999107868,pass
85.033459338,65536,0.07522299999607185,pass
85.03867308,65536,0.07785700000795259,pass
85.043868264,65536,0.07475200000328641,pass
85.049083308,65536,0.07849800000769847,pass
85.054301737,65536,0.08040099999107042,pass
85.059523431,65536,0.07686499999692842,pass
85.064740849,65536,0.08272399999498248,pass
85.069976223,65536,0.09512200000472149,pass
85.075221012,65536,0.08270300000390307,pass
85.08045239,65536,0.08093099999939568,pass
85.085646342,65536,0.07015500000306929,pass
85.090829288,65536,0.06543800000713418,pass
85.095997582,65536,0.0715980000052241,pass
85.101171655,65536,0.06173299999545634,pass
85.106332438,65536,0.05588400000533511,pass
85.111488794,65536,0.05622400000504513,pass
85.116643277,65536,0.05713600000945007,pass
85.121839423,65536,0.08311400000593494,pass
85.127059134,65536,0.07855799999845203,pass
85.132275871,65536,0.0785279999888644,pass
85.137494881,65536,0.08072100000333648,pass
85.142718267,65536,0.07796699999573775,pass
85.147942986,65536,0.09631399998966117,pass
85.153163879,65536,0.07098599999721955,pass
85.158344281,65536,0.07045499999946969,pass
85.163521448,65536,0.061442000003353314,pass
85.168736732,65536,0.0835750000049984,pass
85.173965647,65536,0.07839699999578897,pass
85.179182994,65536,0.07706600000290109,pass
85.184395394,65536,0.07533299999806786,pass
85.189605681,65536,0.07418100000222694,pass
85.194815167,65536,0.07683500000155163,pass
85.200042449,65536,0.07171800000094208,pass
85.205252566,65536,0.07635400000083337,pass
85.210465917,65536,0.07900900000379352,pass
85.215659449,65536,0.0666600000016615,pass
85.220834744,65536,0.06611799999234336,pass
85.226027174,65536,0.06280400000946429,pass
85.231199834,65536,0.06176300000504398,pass
85.236373276,65536,0.06411600000433282,pass
85.241557724,65536,0.06930399999305337,pass
85.246738367,65536,0.062342999996189974,pass
85.251917367,65536,0.06417599999508639,pass
85.257088695,65536,0.061692000002722125,pass
85.262254746,65536,0.0626329999988684,pass
85.267462369,65536,0.08109099999842329,pass
85.272678013,65536,0.07490299999801664,pass
85.277886928,65536,0.07587400000375055,pass
85.283097395,65536,0.07539300000303228,pass
85.288289305,65536,0.07340999999883024,pass
85.293501374,65536,0.07992000000456301,pass
85.298718041,65536,0.07873699999549899,pass
85.303937061,65536,0.08163200000410598,pass
85.309144042,65536,0.07368100000348932,pass
85.314327409,65536,0.06320500000356333,pass
85.319503014,65536,0.06241299999487637,pass
85.324685089,65536,0.07134599999858438,pass
85.329869517,65536,0.0641959999967412,pass
85.335043029,65536,0.0635649999907173,pass
85.340214347,65536,0.06289399999559464,pass
85.345424454,65536,0.08321399999999812,pass
85.350643384,65536,0.07494200001190165,pass
85.35585296,65536,0.07463199999335757,pass
85.361060583,65536,0.07672499999955562,pass
85.366273363,65536,0.07600399999319052,pass
85.371486695,65536,0.07671499999162279,pass
85.376701889,65536,0.07819699999345175,pass
85.381915911,65536,0.07577400000968737,pass
85.387161131,65536,0.07914799999753086,pass
85.392382744,65536,0.08036100000197166,pass
85.397604388,65536,0.0786179999892056,pass
85.40283112,65536,0.08676999999579493,pass
85.408072163,65536,0.08468599999389426,pass
85.413300747,65536,0.08102099999973689,pass
85.418534218,65536,0.08301500000129636,pass
85.423761771,65536,0.07764599999404709,pass
85.428984496,65536,0.09343000000683332,pass
85.434214262,65536,0.07518300000697309,pass
85.439423027,65536,0.07641399999158693,pass
85.444633274,65536,0.07614400000477417,pass
85.449844362,65536,0.07604400001071099,pass
85.455057293,65536,0.07746600000757553,pass
85.460273298,65536,0.07816699999807497,pass
85.465488222,65536,0.07742599999005506,pass
85.470707913,65536,0.080269999997995,pass
85.475926772,65536,0.09449200000233304,pass
85.481163869,65536,0.08196299999951862,pass
85.486394316,65536,0.0817130000001498,pass
85.49162931,65536,0.08389600000668906,pass
85.496856142,65536,0.08203299999820501,pass
85.502088892,65536,0.0812019999898439,pass
85.50731332,65536,0.08145200000342356,pass
85.512535815,65536,0.08049099999141163,pass
85.517750959,65536,0.0739409999965801,pass
85.522958182,65536,0.08931300000369902,pass
85.528181758,65536,0.07594400000243695,pass
85.533391505,65536,0.07195700000295346,pass
85.538598997,65536,0.07777700000133336,pass
85.543812939,65536,0.07836799998983679,pass
85.549044668,65536,0.07288900000901322,pass
85.554259362,65536,0.07915800000546369,pass
85.559478412,65536,0.07988899999133992,pass
85.564699565,65536,0.0801099999989674,pass
85.569926557,65536,0.09656499999266543,pass
85.575175993,65536,0.08191199999885157,pass
85.580404106,65536,0.09009499999024229,pass
85.585641594,65536,0.07996900001217,pass
85.590865631,65536,0.0810610000030465,pass
85.596098121,65536,0.07856800000638486,pass
85.601313015,65536,0.07533299999806786,pass
85.606522861,65536,0.07499199999472239,pass
85.611732207,65536,0.07584299999052746,pass
85.616944226,65536,0.09016500000313954,pass
85.622170967,65536,0.07611399999518653,pass
85.627385511,65536,0.07819699999345175,pass
85.632597951,65536,0.0789680000110593,pass
85.637815759,65536,0.07951899999625311,pass
85.643051213,65536,0.07538299999509945,pass
85.648269502,65536,0.08056099999009803,pass
85.653496895,65536,0.08123099999579608,pass
85.658693551,65536,0.07322000000442586,pass
85.663875996,65536,0.0648470000044199,pass
85.669054465,65536,0.0655690000002096,pass
85.674225764,65536,0.060781000001952634,pass
85.679398344,65536,0.0657289999992372,pass
85.684563383,65536,0.05763699999761229,pass
85.689727551,65536,0.06622899999797482,pass
85.694893602,65536,0.05659500000376738,pass
85.700051211,65536,0.056874999998512976,pass
85.705245914,65536,0.07803699999442415,pass
85.710463652,65536,0.0791989999981979,pass
85.715680088,65536,0.07970999999429296,pass
85.720899469,65536,0.0784770000024082,pass
85.726117097,65536,0.08146199999714554,pass
85.731342847,65536,0.07883800000740848,pass
85.736567114,65536,0.08072100000333648,pass
85.741798843,65536,0.08485700000449015,pass
85.747060126,65536,0.078157000004353,pass
85.752287088,65536,0.08241399999064924,pass
85.757513079,65536,0.07891799999981686,pass
85.762737927,65536,0.08212299999854622,pass
85.767957748,65536,0.10315400000138197,pass
85.773198791,65536,0.10157200000548983,pass
85.778433524,65536,0.10370500000078664,pass
85.783675078,65536,0.10572799999408744,pass
85.788916762,65536,0.09634399999924881,pass
85.794133789,0,0.07265899999708836,pass
85.799310416,0,0.06343399999764188,pass
85.804474203,0,0.059589000002802095,pass
85.80963777,0,0.06613900001184447,pass
85.814827596,0,0.08417600000143466,pass
85.820039675,0,0.0630749999999125,pass
85.825226998,0,0.06738099999381575,pass
85.83041433,0,0.06659999999669708,pass
85.83560617,0,0.06260299998928076,pass
85.840779772,0,0.05860699999971075,pass
85.84594415,0,0.05272900000363734,pass
85.851112153,0,0.0506760000007489,pass
85.856270092,0,0.05480199999396973,pass
85.861432607,0,0.0665000000026339,pass
85.866597897,0,0.0509059999984629,pass
85.871753311,0,0.049974999996038605,pass
85.876901786,0,0.04768099999807873,pass
85.882044642,0,0.0519069999995736,pass
85.887195169,0,0.050104999999689426,pass
85.892342151,0,0.05222800000126426,pass
85.897532528,0,0.06444699999974546,pass
85.902740141,0,0.06270400000119025,pass
85.907934544,0,0.09472200000004705,pass
85.913139072,0,0.0680519999889384,pass
85.918308808,0,0.06106200000033368,pass
85.923471133,0,0.06325499998638406,pass
85.92865488,0,0.07049600000641476,pass
85.933834001,0,0.06561800000781659,pass
85.93901291,0,0.061583000004361566,pass
85.944172552,0,0.0588179999994054,pass
85.949329208,0,0.05734600000550927,pass
85.954485214,0,0.057144999999536594,pass
85.959643273,0,0.05836700000827477,pass
85.964803194,0,0.06089100000394865,pass
85.970014763,0,0.08079100000202288,pass
85.975219382,0,0.08773099999359601,pass
85.980543419,0,0.3961930000002667,pass
85.986125762,0,0.08542800000554962,pass
85.991380676,0,0.1525779999980159,pass
85.996645484,0,0.060591000007548246,pass
86.001827259,0,0.05873700000336157,pass
86.007018407,0,0.05486199999893415,pass
86.01217956,0,0.051536999990275945,pass
86.01733829,0,0.05168699999558157,pass
86.022485292,0,0.045588000006091534,pass
86.027631473,0,0.052408000001946675,pass
86.032823582,0,0.10041099999114067,pass
86.038059528,0,0.108912999991162,pass
86.043305879,0,0.10586799999146024,pass
86.048547593,0,0.09624400000518563,pass
86.053779882,0,0.10352500000010423,pass
86.059046163,0,0.09406099999864637,pass
86.064280486,0,0.11179700000241155,pass
86.069532465,0,0.10839200000134497,pass
86.074790904,0,0.10837199999969016,pass
86.080080369,0,0.11392099999341099,pass
86.085307471,0,0.0639160000019956,pass
86.090483257,0,0.0543510000028391,pass
86.095642437,0,0.05110600000080012,pass
86.100797962,0,0.06622899999797482,pass
86.105960527,0,0.05904900000075486,pass
86.111117524,0,0.04630000000815926,pass
86.116259379,0,0.050494999996431034,pass
86.121408444,0,0.047741000003043155,pass
86.126553523,0,0.04449700000463963,pass
86.13169625,0,0.08903299999474257,pass
86.136883813,0,0.08414600000605787,pass
86.14218117,0,0.33727499999258725,pass
86.147660289,0,0.09888799999657749,pass
86.152872789,0,0.07022500000175569,pass
86.158064118,0,0.07591300000342471,pass
86.163255777,0,0.05708499999457217,pass
86.168418322,0,0.057105000010437834,pass
86.173581819,0,0.05263899998908528,pass
86.178733949,0,0.052697999990414246,pass
86.183916624,0,0.05592399999443387,pass
86.189070336,0,0.04629000000022643,pass
86.194249086,0,0.060169999997583545,pass
86.199444811,0,0.0598199999899407,pass
86.204639815,0,0.059519000004115696,pass
86.20983522,0,0.058267000000000735,pass
86.215050854,0,0.13104699999644254,pass
86.220303064,0,0.06708999998750187,pass
86.225478449,0,0.057806000000937274,pass
86.23063859,0,0.05580399999871588,pass
86.235796339,0,0.05164699999227196,pass
86.240958684,0,0.06072099999698821,pass
86.24613538,0,0.09996000000001004,pass
86.25134727,0,0.09042500001044118,pass
86.256541542,0,0.08630000000664495,pass
86.261739561,0,0.08755100000712446,pass
86.266975556,0,0.11358999999799835,pass
86.272226213,0,0.09387100000424198,pass
86.277452775,0,0.10208199999794942,pass
86.282689812,0,0.10722999999757121,pass
86.287933538,0,0.11212799999782419,pass
86.29318048,0,0.09950899999466856,pass
86.298408723,0,0.08044100000859089,pass
86.303623757,0,0.07871799999747964,pass
86.308838922,0,0.07806599998616548,pass
86.314054206,0,0.07952900000418595,pass
86.319276481,0,0.08031999999502659,pass
86.324502591,0,0.08219299999723262,pass
86.329737765,0,0.08694999999647735,pass
86.334975633,0,0.1011420000054386,pass
86.340209425,0,0.07528300000103627,pass
86.345433803,0,0.08161199998824031,pass
86.35066407,0,0.08664000000635497,pass
86.355888488,0,0.07502199999009918,pass
86.361098745,0,0.07567299999777788,pass
86.366308791,0,0.07514300000366347,pass
86.37152046,0,0.07721599999399587,pass
86.376736075,0,0.0752730000073143,pass
86.381950819,0,0.09665400000358204,pass
86.38718399,0,0.07855799999845203,pass
86.392412645,0,0.07977900000355476,pass
86.397630613,0,0.1130099999926415,pass
86.402898136,0,0.114380999988839,pass
86.408144807,0,0.12970400000256177,pass
86.413434443,0,0.10914300000308685,pass
86.418694664,0,0.10772199999564691,pass
86.423951912,0,0.11033499998802654,pass
86.429218122,0,0.10058100001231196,pass
86.434463612,0,0.10283400000332676,pass
86.439704004,0,0.10858199999574936,pass
86.444946629,0,0.10608899999908772,pass
86.450186099,0,0.10264399999471152,pass
86.455423897,0,0.10491700000159199,pass
86.460663508,0,0.10097100000905357,pass
86.465903149,0,0.11869700000488592,pass
86.471159214,0,0.12464700000691664,pass
86.476424563,0,0.0949520000119719,pass
86.481659497,0,0.11062600000855127,pass
86.48691395,0,0.11285899999791127,pass
86.492171928,0,0.1133099999890419,pass
86.497434373,0,0.11267899999722886,pass
86.502695156,0,0.11764599999253278,pass
86.507954005,0,0.10492699999531396,pass
86.513201738,0,0.09698499999899468,pass
86.518422701,0,0.09240800000043237,pass
86.523649863,0,0.09057500000153595,pass
86.528858858,0,0.09028499999885753,pass
86.534080822,0,0.0758039999908533,pass
86.539289537,0,0.06034000000454398,pass
86.544481226,0,0.05815699999800472,pass
86.54967642,0,0.0614719999987301,pass
86.554872395,0,0.06295400000055906,pass
86.560072777,0,0.06344499999499931,pass
86.565276534,0,0.06496799998956249,pass
86.570485299,0,0.062483000007773626,pass
86.575693563,0,0.058197000001314336,pass
86.580901216,0,0.06641899999237921,pass
86.586117381,0,0.1364850000129536,pass
86.591403331,0,0.10737099999857946,pass
86.596653969,0,0.09712499999636748,pass
86.601895512,0,0.1023530000026085,pass
86.607160421,0,0.09863699999357323,pass
86.612393382,0,0.10672900000940899,pass
86.617633904,0,0.10738000000287684,pass
86.622876098,0,0.10551799999802824,pass
86.62811662,0,0.10699000000613523,pass
86.63336233,0,0.10977400000911075,pass
86.638608471,0,0.10348499999679461,pass
86.643851176,0,0.10062100000141072,pass
86.6490922,0,0.10719000000847245,pass
86.654342006,0,0.10109100000477156,pass
86.659565532,0,0.06583900000123322,pass
86.664740466,0,0.06868300000917316,pass
86.669921019,0,0.0730090000047312,pass
86.675117325,0,0.05829699999537752,pass
86.680287622,0,0.05782600000259208,pass
86.685450608,0,0.05033499999740343,pass
86.690602918,0,0.04949400000953119,pass
86.695748217,0,0.04446699999505199,pass
86.700885645,0,0.045638000003123125,pass
86.706071355,0,0.05870799999740939,pass
86.711265628,0,0.11012499999196734,pass
86.716509986,0,0.09608399999194717,pass
86.721743548,0,0.11010399998667708,pass
86.726992282,0,0.14737000000764056,pass
86.732287626,0,0.11065600000392806,pass
86.737540617,0,0.10932300000376927,pass
86.742793187,0,0.11224799999354218,pass
86.748072898,0,0.11452100000042265,pass
86.753343915,0,0.11440199999412926,pass
86.758604427,0,0.1054280000118979,pass
86.76385874,0,0.10069100000009712,pass
86.769106663,0,0.0980469999944944,pass
86.774346324,0,0.10111099999221551,pass
86.779583181,0,0.10421599999688169,pass
86.78482206,0,0.10420600000315972,pass
86.79006122,0,0.10243399999865233,pass
86.795299088,0,0.1065400000044292,pass
86.800542395,0,0.10709000000019842,pass
86.805787414,0,0.11027500001148383,pass
86.811028707,0,0.09145699999635326,pass
86.81626306,0,0.096323999997594,pass
86.821499385,0,0.09992000001091128,pass
86.826740148,0,0.11217799999485578,pass
86.832021251,0,0.11048499999333217,pass
86.837279529,0,0.10282399999539393,pass
86.842530407,0,0.10303400000566398,pass
86.847782066,0,0.10898300000405925,pass
86.853058271,0,0.10550800000430627,pass
86.85830332,0,0.10570799999243263,pass
86.863544884,0,0.1061689999914961,pass
86.868784825,0,0.10301399998979832,pass
86.874039007,0,0.0948820000132855,pass
86.879267882,0,0.0894640000126401,pass
86.884493382,0,0.10764099999960308,pass
86.889739392,0,0.10473700000090957,pass
86.894982198,0,0.1228730000093492,pass
86.900245874,0,0.11062599999434042,pass
86.905498065,0,0.1117469999911691,pass
86.910751626,0,0.11395099998878777,pass
86.916040381,0,0.11666400000365229,pass
86.921322204,0,0.11413099998947018,pass
86.926584129,0,0.10353399999019075,pass
